NUID,r2rHostKeyDataOutEncEcb-EMI0x4021-1r,r2rHostKeyDataOutDecEcb-EMI0x4021-1r,r2rHostKeyDataOutEncCbc-EMI0x4026-1r,r2rHostKeyDataOutDecCbc-EMI0x4026-1r,r2rHostKeyDataOutEncCtr-EMI0x4027-1r,r2rHostKeyDataOutDecCtr-EMI0x4027-1r,r2rContentKeyDataOutEncEcb-EMI0x4021-1r,r2rContentKeyDataOutDecEcb-EMI0x4021-1r,r2rContentKeyDataOutEncCbc-EMI0x4026-1r,r2rContentKeyDataOutDecCbc-EMI0x4026-1r,r2rContentKeyDataOutEncCtr-EMI0x4027-1r,r2rContentKeyDataOutDecCtr-EMI0x4027-1r
0x0000000000000000,,,,,,,0xd84afe79759f64352214a921d518e9f7,0x29ddf06ebc171fc026501d1d470375d2,,,,,
0x0000000000000001,,,,,,,0x118cfe5ef8e947dfda4ea7adf798052b,0xb377cfb5fc04192a5d6c13686d9acfcf,,,,,
0x0000000000000002,,,,,,,0xf3b03a662a8c8b5ec285e237cac39bfc,0xbd54e90c55a231fcf44ca6ad7feeb198,,,,,
0x0000000000000003,,,,,,,0xa64ec54bea4250ab2072284cfb5d568c,0x9dc3c3d7f9bf09e309fca6681627be06,,,,,
0x0000000000000004,,,,,,,0xfcefdf0268d7a7ecfff73fb1c5b4f1fd,0x8325fa0b83dde810391dc72c1e4be4ff,,,,,
0x0000000000000005,,,,,,,0xa68fbe5943970300991e4e091f4c6d6e,0x304c8d1c533870d9dbcbd62b5eb6e657,,,,,
0x0000000000000006,,,,,,,0x4f02afa8f8f890fc05d1e050024ab217,0x9d18a409cb7dc9628adf0f4420585a31,,,,,
0x0000000000000007,,,,,,,0x806f8c41cc4a40ebf6c6ab615066f767,0x234a18dbba9cb402de26f7d6797844e8,,,,,
0x0000000000000008,,,,,,,0x21edaafcb8bad9938cdc743d16873ba9,0x24edf570295ed6816d6b3404836594c9,,,,,
0x0000000000000009,,,,,,,0x837d9130f8fa250058848f99e849f22a,0x3d61dffe1c09e0951b981ffb6257faa1,,,,,
0x000000000000000a,,,,,,,0x8d681cb50c9bf6442c85473f9809dbdb,0x51aaaba708a3e6bbaf18d2109d76f464,,,,,
0x000000000000000b,,,,,,,0xb3d9fcff04000084f01ccb1e5834c3c3,0xd21a0163847e02ed838a2c32a3f5bb8c,,,,,
0x000000000000000c,,,,,,,0x4da2214a3517b94084ac30946a6f6ddd,0xd335fc199209afa12ad6af56d1920abc,,,,,
0x000000000000000d,,,,,,,0xe13ec14b14e85eaabce941d254fa6b29,0x748ac1bc956e979d63e243aa47c1e8e9,,,,,
0x000000000000000e,,,,,,,0x7d76847f554daeba7f3cf960d9fd1d37,0xe60ad746c1427efed4f61b5f8e160a00,,,,,
0x000000000000000f,,,,,,,0x4feb300154ec44fd0f7293bb69fe91b9,0x9029b5cc7a8840aa02efb6435c5ef4bb,,,,,
0x0000000000000010,,,,,,,0xe6fef336f9c756dd509fb1f414f731ef,0x9c78888882d9803b6d5960f57817c9e1,,,,,
0x0000000000000011,,,,,,,0xc19ff0ff8056b3f7e077ecf7f3af16eb,0xc19d4848eb27aa94e0d0817d4a7597d8,,,,,
0x0000000000000012,,,,,,,0x1a25cc9f7575ebe1aeb7516eb4cbbb0e,0x85fa12fb14f988e167e79e909d825aa5,,,,,
0x0000000000000013,,,,,,,0xa7cc9c51b88f3c0629bb7fb0d15dd983,0x9cdd54b53446ab92b636a11e63d157c4,,,,,
0x0000000000000014,,,,,,,0x8e1a0f3ed4694a4c9ca8e4e764475071,0x16c5c72435eb51f25b3805faceda12e7,,,,,
0x0000000000000015,,,,,,,0x1df94186dc4887356bb83f6fafbc3037,0xec1b4e815764f8a4be70bf0233b32d2b,,,,,
0x0000000000000016,,,,,,,0x9581f039db685e0946c1af458b0334cc,0x9318014dff87401858d72c0d19f43e8b,,,,,
0x0000000000000017,,,,,,,0xb62a66784e8a09d807bfe431f69f8c6a,0x3236a205aa15c106ffb65319d6be5ec3,,,,,
0x0000000000000018,,,,,,,0xbec1f5e6369cae33204ab92511b446b7,0x797f8149e8ffc089bf51f10724495843,,,,,
0x0000000000000019,,,,,,,0x7fdb83d9197f32e8fbb1565fa500da19,0x1f312d57bc5646088d4a418186a96714,,,,,
0x000000000000001a,,,,,,,0x0a5541176690b86663c5fe55a55de899,0xf692909268fe8d43f2949515b4bdcfa3,,,,,
0x000000000000001b,,,,,,,0x678c69b15753ff67d1b0a5193751d7f3,0xbc6f8735084311e08638f33116447296,,,,,
0x000000000000001c,,,,,,,0x5c25fbe6d85e72e63f23fc963452d518,0x680fa2b19c474470064cf32f43baa902,,,,,
0x000000000000001d,,,,,,,0xd314641f4bd9d3ce9cf08ca4db1ce950,0xfd0e938c3378000a26d6b4bd66d033b4,,,,,
0x000000000000001e,,,,,,,0xdc57a0f11b57dc4e93e53c5daf889370,0x82a0a242e1404e40d6ed909cd96cec0f,,,,,
0x000000000000001f,,,,,,,0x99fd2c4e3dcd46666ec58364d261ac4c,0x7328ad61b9e351b3be3a501b1ccbc4a7,,,,,
0x0000000000000020,,,,,,,0x64ebcd78097c9ac0495a5c195863a0bc,0xe0a1f5557f6e83f7196430eda3677f19,,,,,
0x0000000000000021,,,,,,,0xf4ce0135b0261e0988c3ccc95bb9e41b,0xfadebc9876270d13845524c5c300a705,,,,,
0x0000000000000022,,,,,,,0xc5136c7ed33e1a15cf1852d879479967,0xd928dee7896217ceb41630268c9526e4,,,,,
0x0000000000000023,,,,,,,0xfbf873926b17494e6739ca2688f46dd1,0x0c41111a6d09713a936bd6a728ad0e63,,,,,
0x0000000000000024,,,,,,,0xd90920e7492ba0b162b42c16405712d8,0xbe0db1a422c4d30ce8938500b46f9c0e,,,,,
0x0000000000000025,,,,,,,0x4d7487acb055709472e21f82c35f8451,0x40ed67727f3b6187c554afb0341bbed5,,,,,
0x0000000000000026,,,,,,,0x5ad919df019c48762b0fb735546456b3,0xe818805ac273f8fd65c98cf6c4905725,,,,,
0x0000000000000027,,,,,,,0xfeb848df2d6f5b63387353b8a451327f,0x97368154a171e54fabe0ea04400df855,,,,,
0x0000000000000028,,,,,,,0xc82a63ab69c6a88416722d315a63d652,0xbdb92ac6634b8066400d95647767e830,,,,,
0x0000000000000029,,,,,,,0x322925b10103dca28e009f0e7758d6a3,0x559bb16eca7cd6f9ef0d5316faf83440,,,,,
0x000000000000002a,,,,,,,0x4da3100a43e53c9b8aaaf3c8d41c5e81,0xe036bec12c0775d9ec4029bb5b15a088,,,,,
0x000000000000002b,,,,,,,0x2f9ba2fd5a01710a44165f0544ef978e,0x54a2808a60e1c8082970d636cb5ace28,,,,,
0x000000000000002c,,,,,,,0x902c389263ec9c171a2fa528565aa9b3,0x8de381d0ed84c70462128f3b28b1d05f,,,,,
0x000000000000002d,,,,,,,0xd9cee88b1e21d4219b2cf6671dbb4d6d,0x7e0d7bf23648a95bfcedbb3ee6617b11,,,,,
0x000000000000002e,,,,,,,0x175357ccea1b5878bb27c12876f5f64e,0x7934ea48b74d0bbdccd004a666b45547,,,,,
0x000000000000002f,,,,,,,0xadb0f0540f200b896f23bab2ab6c72a2,0x77ce40bd5eff12ac06576ecc059dc68a,,,,,
0x0000000000000030,,,,,,,0xa07061196b2cf864d51f5d18b6b9f418,0xb587cf7690e710f94cb7301d33bcca47,,,,,
0x0000000000000031,,,,,,,0xa1a6a2dcb82496da882fafeede05eafe,0x4b5e26b9b7ff301f06d18837058d940e,,,,,
0x0000000000000032,,,,,,,0xbb833868e628b2fa32636a0d4643a684,0x7e7b04d4206bf59169e1ef96703c1471,,,,,
0x0000000000000033,,,,,,,0xed0f0fe37ff99ee961331b90653ca9b6,0xa2bc992e2af270b27940b45ace33338a,,,,,
0x0000000000000034,,,,,,,0x0d6009d8d064ba0296d734a3459b6e5a,0x682a9e3c03ab2be688635238758ba4ad,,,,,
0x0000000000000035,,,,,,,0x2beac0e96869e8e2b59c3df5d3c3570f,0x22a7b0d9822006b79b0697c13970bfa2,,,,,
0x0000000000000036,,,,,,,0xe30a10e70cecda762c779a5e81f3e551,0xcacd92a191b9585a6e86545b5b4801c3,,,,,
0x0000000000000037,,,,,,,0x21c370d7cade6fe20bbf47f05fd5dbe7,0x82d7d87db8f81bcf09158d8b57dfca44,,,,,
0x0000000000000038,,,,,,,0xc01317b42dbaefa32293ba471b57e77b,0xc403e88e81475014b3a05121bdc8db24,,,,,
0x0000000000000039,,,,,,,0x2aa3c23ca9c875f773349a53446d23da,0x8dcf8e9c07de99b56b50d6beb8413ead,,,,,
0x000000000000003a,,,,,,,0x551543ddb828b31c9237a70e5e69d669,0x1675f721eae00a7766e3d00c75373252,,,,,
0x000000000000003b,,,,,,,0x1d61027145022bb0707d44bde23f8bf4,0x0a96e697c24a751f3fb246facf814155,,,,,
0x000000000000003c,,,,,,,0xe211ef2943655c04ffea9901cd8cd11e,0x60c540785103304a5ee8d1b9fb2892f9,,,,,
0x000000000000003d,,,,,,,0x0627da0fdb8d6135fb853c20089ff3b1,0x9b09dc9be2aa67d13b4fdbd7207a2361,,,,,
0x000000000000003e,,,,,,,0xb1360a707163751086f02c297d13df7e,0x6b063d65a07c98bb6176f151fb60dba1,,,,,
0x000000000000003f,,,,,,,0xb2c97df840eed58141a0ae4368526cdc,0x26bdf3ba98c2456d97dd3bc16a3de5cb,,,,,
0x0000000000000040,,,,,,,0x01db4a897e9da60077ec30d0a489604d,0xfb4bd57d28bc7676491801e2f5ccc7ad,,,,,
0x0000000000000041,,,,,,,0x8577fa62a7be8202b871c6dfbae9a275,0xe2dde3a62ab81a2f3110df0c6e79c68f,,,,,
0x0000000000000042,,,,,,,0xcadf8feecee04aaf1499ad06ab795ef7,0x2eb5a9ca0d8a148cd54daa6ae6e4a5a1,,,,,
0x0000000000000043,,,,,,,0xd21def7de219ced855752c0f34d78d48,0x92898c987ec59c28b10e509e421ab432,,,,,
0x0000000000000044,,,,,,,0x58a6aa9d9ea23b23c1fdaa0ae04cf901,0x9ccf360130aeca5e95ac4fee201f4649,,,,,
0x0000000000000045,,,,,,,0x6872a97371539ab273695ce2dcaf0338,0x3351dc593c8ba3ab38a98b7feaf96960,,,,,
0x0000000000000046,,,,,,,0xc5df4c194c365905bd3ca0a1af320438,0x1adea97fe420427d27660038eedf0195,,,,,
0x0000000000000047,,,,,,,0xdb248c1fe00e56430bee8f7b74e18d35,0x2650cae529d6d7056b52786cf8323c86,,,,,
0x0000000000000048,,,,,,,0x57f2302e3e8120f9473ba196fd701678,0x1b2893ed852e899b4fe2135cbc506786,,,,,
0x0000000000000049,,,,,,,0x2ac7b41643ce7575a4d485d305b0098f,0x48cdc705faca81408dedb512c1ca101a,,,,,
0x000000000000004a,,,,,,,0x61567bf557a8048c5e890ef4264ad556,0x39d615f7c9a0940e9ca82f22a98dd0d3,,,,,
0x000000000000004b,,,,,,,0x7f18382c3aea02d50b24d22b28948423,0x0b7260b525ed341482d7afb6ed00c8b3,,,,,
0x000000000000004c,,,,,,,0xd79045c9e9790419443898768e093bae,0x953ae55838660619a803378dc81755c0,,,,,
0x000000000000004d,,,,,,,0x2bf0599c03974744420a2671b85ddc6d,0x37cacb3d604872868396c9614e9a918f,,,,,
0x000000000000004e,,,,,,,0x8988a02bbde5aae13abd0e50fa101628,0x6da9ee0ab1828b421f66cf6cf4542275,,,,,
0x000000000000004f,,,,,,,0x31ca49bdc43c71b848fbc10b8638d47a,0xedc071b7782b5e55f00a04e8a161f550,,,,,
0x0000000000000050,,,,,,,0x41cf4211dba6355cc5bf412a06025b39,0x0a49677c0a3f4149ed5b1c4c960c8b79,,,,,
0x0000000000000051,,,,,,,0x0623f7e1763909cd536570c2af73544c,0x32f48cb9e0838504ab6c77cc2a7dafb5,,,,,
0x0000000000000052,,,,,,,0x8ded5722e63500fac6cdbbe5bb850e55,0xf74e4b7f7dd7f11b45786cc01d55ced4,,,,,
0x0000000000000053,,,,,,,0x8ededd2fa40be37ab0ebc5098ac6d6a7,0xa16ef82a4eaac658992b6d61bb0a915b,,,,,
0x0000000000000054,,,,,,,0xbda6ac4e7f030807a74bb7b0be99e97c,0x17ba638f8b58b9fa1e8ede28ddb33dd9,,,,,
0x0000000000000055,,,,,,,0xb9b5904c7417414515ab6e4c1763e015,0xd8696269d929d6d24a8b7abc1d1e314a,,,,,
0x0000000000000056,,,,,,,0xfe820ef688ca8caac8fe624e7f37e63a,0x88dd6c7d6b2631169c5cd733e52374f1,,,,,
0x0000000000000057,,,,,,,0x7978edbad23ff1e0c407d18ce35db2b7,0x7d25031ca4d9690194ca81b4de5575ef,,,,,
0x0000000000000058,,,,,,,0x53cf0008e2ecc0d78e7445e7bae4175f,0xc88b7f9b8acf21bfacaa747b4fa99681,,,,,
0x0000000000000059,,,,,,,0xa481f9a9b453b9ae75582217f66b6af6,0xdbdb0250a50412b6359235698fa1dd2e,,,,,
0x000000000000005a,,,,,,,0x620285a4ebef6bef9fd8f6382c7b23da,0x34dbce8b6c14f21af3b89d7ee38c33eb,,,,,
0x000000000000005b,,,,,,,0x431343d5ea1f73e2f62cacde0ed9f408,0xd7a49ce845c0f7df3e589be0aa365184,,,,,
0x000000000000005c,,,,,,,0x453c48c89c18c84baf6a5f001fe9329b,0x163f73e12f84671aaa1d1cb95fb05c44,,,,,
0x000000000000005d,,,,,,,0xba26f51a4d59cf1cfbb20615bf68135c,0x4092921943c7c26b587391be2fd1757b,,,,,
0x000000000000005e,,,,,,,0x381d402b70788a7fb0ab8ec9b8009e15,0xc4efadebe2c8686624b2230c923b8dc0,,,,,
0x000000000000005f,,,,,,,0x031b6ba5fddb127ab14e3e869ef6fd62,0xf13abd2655b0116bb793016e7726c637,,,,,
0x0000000000000060,,,,,,,0x00e5f158164a57b4bbf32bcdf15d0094,0xf3f5ddfd3d15ca7c0307b50358bd0938,,,,,
0x0000000000000061,,,,,,,0x9463160a98afbe1ac16dd952415506e0,0x066a41d8e763d5f32be9df8a1d3de105,,,,,
0x0000000000000062,,,,,,,0x941576f67de5309ff2be7668efb7665b,0x6d70a4227d8b817d171dac6d4ac269db,,,,,
0x0000000000000063,,,,,,,0xab18f2927803a31fd566bbcba248cbcc,0xf0396b273fc3faedc64d564ccbe0ef10,,,,,
0x0000000000000064,,,,,,,0x757a359b05b56c4b07d1c35d919b7dbe,0x7aff4da49cc87624fb2903c459a46fea,,,,,
0x0000000000000065,,,,,,,0xb4dffedf0df08c1ac0a7cac81b0b3f51,0xf19ad083badad2b3f8063dff9fdeb065,,,,,
0x0000000000000066,,,,,,,0x9f3cd25fb5b59d7fb2d0304e7bdb1041,0xa66bb82c49950edba773ac8e9c2d5c7b,,,,,
0x0000000000000067,,,,,,,0xb0c9621df478254249bbb2f94e8272fb,0xc62264276905b535c1418b87b84274b1,,,,,
0x0000000000000068,,,,,,,0xd7458a7a4f56807afcef20c69e9c3c0b,0x0e3c54ad28d9432242ca92c24c8cdb51,,,,,
0x0000000000000069,,,,,,,0x18c8bb5cb649209e15fb67f646e1aff0,0xcbf7af4dfd592d4bbc77fb387e398e27,,,,,
0x000000000000006a,,,,,,,0xa80d7f9b6f902ea1cb17285a11fae902,0x46404096d73195b28a760c82d0ae0d52,,,,,
0x000000000000006b,,,,,,,0xff02f7ac5398416cc76d2c42f9cde1ff,0x694cd02027d4ce3972de25fbc3fa71c3,,,,,
0x000000000000006c,,,,,,,0xba9d1d0c2a4a23b0a0cbe624070807ec,0x6720a200cb2362e68f78a4dfb81526d8,,,,,
0x000000000000006d,,,,,,,0x3298c01e50b50b06e7f98e1ad7954fc0,0x338d3794576207949f044927b57ebdcc,,,,,
0x000000000000006e,,,,,,,0x5924412ee14985cd21ef3b1683a017ff,0x2360ecc9dadbb1b32377aef1990602f0,,,,,
0x000000000000006f,,,,,,,0x9fb439db8bfed0deee2081e6580bebf9,0xc62c16172bdb17887e72cfb8a7fa8699,,,,,
0x0000000000000070,,,,,,,0xf951d94f8a4c846a5e1a718be0bcd73b,0xb431cc01f1f762ea85c24d632d3a31fd,,,,,
0x0000000000000071,,,,,,,0x34ead720307a51ccff64df070206f8ab,0x28cd5908271368f1959626a2a9709905,,,,,
0x0000000000000072,,,,,,,0x8887e3a3a8e5462581443cd5b7aba80c,0x6e2fa9ea4cd00556b42936395f693a8d,,,,,
0x0000000000000073,,,,,,,0xa3b6b2bd073e664a619d8a4f03bf6943,0x5a4949ea8eb69faf3abe75b99b32a5f1,,,,,
0x0000000000000074,,,,,,,0xbf9d49dab74edbd88973e802463df0bc,0xc01b25e0a34028df7d3734cbdd2001a8,,,,,
0x0000000000000075,,,,,,,0x1bb0a459e080c354d6b80ddf1c520b66,0x6a6e3dcee9ad55ab43686ec1eec946a0,,,,,
0x0000000000000076,,,,,,,0xbafc52c2dce314bfc12ccd3c7ef3f8cc,0x84fabfe7a9aa9f3376fcc5ff716a1ed0,,,,,
0x0000000000000077,,,,,,,0xcd54a892e0c1d9ce01c986729f837f44,0x2e15fab7dc94bd545c0d2e7d7fa23d43,,,,,
0x0000000000000078,,,,,,,0xdfb7edb18e42ac714d0e0798f402d254,0xbe5716081acc22eff90acc1d0d769016,,,,,
0x0000000000000079,,,,,,,0x8d4a23e56cf1a412dcc24da237ac4c6a,0xeba8ba545cdab93055d3e8a6405c7908,,,,,
0x000000000000007a,,,,,,,0x8bf5bceb1f42f385c2f4d2d7d6ac5888,0x84b3d74ed701c17915c3434dd0d937f8,,,,,
0x000000000000007b,,,,,,,0x58b12b84ca371d96691858b43d8e8c03,0x32df5a94825f89377a8bb0648b98fadf,,,,,
0x000000000000007c,,,,,,,0xf8bcf676790e002e7f98a879d4cb4bc4,0xf86fd5bf0c4aa4ec9686a0183c4e279c,,,,,
0x000000000000007d,,,,,,,0x0810a6bfe6dff86a32cc5059493611dc,0x7da8f31fac60dbcd6dcb3326c883b342,,,,,
0x000000000000007e,,,,,,,0xe2c5e94802c543c057b1a7f129502282,0x805c7843b202961e148f779dc839de0e,,,,,
0x000000000000007f,,,,,,,0xc16007ed3ea80af3c128a0898fb05970,0x1619ef5593f648ae9ec9492f9d77eef3,,,,,
