NUID,r2rHostKeyDataOutEncEcb-EMI0x4021-MT,r2rHostKeyDataOutDecEcb-EMI0x4021-MT,r2rHostKeyDataOutEncCbc-EMI0x4026-MT,r2rHostKeyDataOutDecCbc-EMI0x4026-MT,r2rHostKeyDataOutEncCtr-EMI0x4027-MT,r2rHostKeyDataOutDecCtr-EMI0x4027-MT,r2rContentKeyDataOutEncEcb-EMI0x4021-MT,r2rContentKeyDataOutDecEcb-EMI0x4021-MT,r2rContentKeyDataOutEncCbc-EMI0x4026-MT,r2rContentKeyDataOutDecCbc-EMI0x4026-MT,r2rContentKeyDataOutEncCtr-EMI0x4027-MT,r2rContentKeyDataOutDecCtr-EMI0x4027-MT
0x0000000000000000,,,,,,,0xad7d0f80cf8676246dee56686ad8a594,0xad709a86895e0aedaed51bd6675a2ff8,,,,
0x0000000000000001,,,,,,,0x6f87a2d7e7442749a636070954366be8,0x520b949c24df80b8456230e4b5bea1c6,,,,
0x0000000000000002,,,,,,,0x99d91a29eba10d0abf36e799145b80b9,0xe628df46513e45ed574cb8f622d4b728,,,,
0x0000000000000003,,,,,,,0x99bf7bd338e652ada7617096bd34498d,0xb326cccb286e0b8500cc0fefaac3d401,,,,
0x0000000000000004,,,,,,,0x039a23d9025d45a6198b6a0328dea547,0xbba5dc7082bb727bc8f9ded2493c68d7,,,,
0x0000000000000005,,,,,,,0x6716e35702c5b1a3b08e7d518676b8dc,0xaca48260ec13c49cf499636fc526b19a,,,,
0x0000000000000006,,,,,,,0x62572a1e50c440bfd4e7f077ec6941b0,0x162d4648eca5775bf8f981811fe85dbf,,,,
0x0000000000000007,,,,,,,0xe82531e627e78c682577fe7c095f6100,0xad95e21a95054ea63e498317d2fa15d4,,,,
0x0000000000000008,,,,,,,0x4447c864d9cd35e475adf10eaef105a2,0x6bd5b3c87eb04030c220f2f2b8837fa3,,,,
0x0000000000000009,,,,,,,0x4901d154769aae50b455472432cc6b0e,0x9345bf4c73f4cc0178a2f1d76c0c9393,,,,
0x000000000000000a,,,,,,,0x48bf2f022ad297395f24e696a6843059,0x2089a13577e617f886becac3b6014d6d,,,,
0x000000000000000b,,,,,,,0xb0cb71c0c249fa80442aacd10bedfc5f,0x612ba6a022783d01c1b66bc96bbf79ef,,,,
0x000000000000000c,,,,,,,0xd4ab4fac820c5dd47af6603c6b3f355e,0xe92ce5a16597c6d24101032913eb4822,,,,
0x000000000000000d,,,,,,,0xbc25c77247104b562500ce75b66a8517,0xf4965c466385e550ad7b32d664317776,,,,
0x000000000000000e,,,,,,,0x01bc5d4984031303c1bc02c52f8990da,0x04461b1f0975bd907e921298626d69d9,,,,
0x000000000000000f,,,,,,,0xbb4f7d1d8cb86d25858c401f7c6114a4,0x1fec644c4933fd9b1e711343cd441cab,,,,
0x0000000000000010,,,,,,,0xd138226de65d7988e494cd39aa0d82e9,0x4a197e17ea1bef801b7344737bdadee0,,,,
0x0000000000000011,,,,,,,0x2db2456715192fb0a31cf2798e73ab18,0x2fe3c9c8cc4df080865b6bec9cb4091b,,,,
0x0000000000000012,,,,,,,0xbcf022ff65cf3b5ceb3c9242e11eaeab,0xc4b8729f8655f4538ca8392ea539427c,,,,
0x0000000000000013,,,,,,,0xd19e6b2cd0b0f25a75eeb0a48c1f54bd,0xdc2822d57152731efb6867ec154345bd,,,,
0x0000000000000014,,,,,,,0xa1d2d12b5a800c59f81a105f5acb4923,0x03b643cb9ae743b51cabde496b9f5fb9,,,,
0x0000000000000015,,,,,,,0x18e0a40a5e5564a1316234fb020a0d43,0xb4c81e435b6511ab7d3cabfc90458967,,,,
0x0000000000000016,,,,,,,0xcdc35a5319b5874995e654601d6c8ce8,0xac14162b5bf753bf44eff99d9b1519e0,,,,
0x0000000000000017,,,,,,,0x57d278af66d13d88e8f3afa927d238f5,0x01386d51855107e4267466a81bbda388,,,,
0x0000000000000018,,,,,,,0x2577b0e2fef6b4e17ac431a865272a37,0x12a97d64f43e68464333ced85d3e5a9e,,,,
0x0000000000000019,,,,,,,0xffc52356aacca694da0dbef02072237e,0xda316f7cb6561fc0f746554b946f56b3,,,,
0x000000000000001a,,,,,,,0x6d1d500d4a8108cd2a4d2690eddec5e3,0xbf7fae843888d2dce797c9b12dc789ed,,,,
0x000000000000001b,,,,,,,0x33c6382ba3fdc35ab7e7938098d2b3ba,0x9746d84e74b11938076c256868129979,,,,
0x000000000000001c,,,,,,,0xc849c4e7f5a5dace6c7357857060d117,0x0ff11194c0f31f2051e181c18e59b9fc,,,,
0x000000000000001d,,,,,,,0x90bcda11a42601396ba5b85dd98f61af,0x5a56219f3e502587c30a4dc741ecc789,,,,
0x000000000000001e,,,,,,,0xdc3130f7270208be81514f999afe4b16,0xcaf031f41c216821c045210953b232a7,,,,
0x000000000000001f,,,,,,,0xf5b42aafff94f34e29b00779c48e0e12,0xd6606e62e64ecd4041b40e54049b6048,,,,
0x0000000000000020,,,,,,,0x4bbee7f8658a1dd7e33aec183eb0ecf7,0x735c87682faad39038a83f470bbbf16a,,,,
0x0000000000000021,,,,,,,0x5c655478239cc2bed83120fc61093081,0xc5c1032f901ead39b4da5c2ab0b0b424,,,,
0x0000000000000022,,,,,,,0xcbc8a319dac92d99b32c903f24c61451,0x0b4bd6a14c91990d6ea336753cff94ae,,,,
0x0000000000000023,,,,,,,0xd8e88aaae2043df704406da0f239df59,0xa59f0e16113742bcee51bb141a894d13,,,,
0x0000000000000024,,,,,,,0xa5abc3fc9ff19a84af87faa0e98fdfe6,0x3c0223c03f04d673fbfb3a07e2873551,,,,
0x0000000000000025,,,,,,,0xe40c7050b315a0dd2bba34f34a5bae7d,0x10da7bd3e383423abdb23f03842c97b3,,,,
0x0000000000000026,,,,,,,0xfc8d467b893e4d97872858ca1b0cc91b,0xfa2d9f097355a0f1d0589a850a6621af,,,,
0x0000000000000027,,,,,,,0xda7c19c8fe411fb0998452160a1921e5,0x1cef65af6a722e32d58c12b8dd40996b,,,,
0x0000000000000028,,,,,,,0xb04011c679445bb3c18447af799aeea5,0xc45435ae3eab81861f5aee80d35a68c6,,,,
0x0000000000000029,,,,,,,0x1ab347912a17f736a10e16f20e33d5b1,0x3cf6cc3038ea0e62f0915825f5152c82,,,,
0x000000000000002a,,,,,,,0xb52500cae09b45f792465f9fce7e399f,0x4f4cb7e17cc915730c86ea58a29822f4,,,,
0x000000000000002b,,,,,,,0x7e2d8ab64503117e301f3092df0e6953,0xb2df52f95831a829d9d6f8565b35deaa,,,,
0x000000000000002c,,,,,,,0x65bb834c5bc4fdf5877ac24bfa8777e1,0x6a10177dc3c4f63d9a15297a1743da4b,,,,
0x000000000000002d,,,,,,,0x48ac747ff2b92c1bf5fcbe945f277ece,0x87eb39918db4a1969cd682c8e3279374,,,,
0x000000000000002e,,,,,,,0x6f8ff58a4c832002da366c3ff10eceeb,0xf15d941017327e61b0b9f65724158917,,,,
0x000000000000002f,,,,,,,0x664d6f885f1f9778a23e540b4c87a8bc,0xd35bcdf3e2bc8195188c2a98100a1bce,,,,
0x0000000000000030,,,,,,,0x166581036e0de5674c471970e8632a7e,0xcc08d6703d771037d26e234a6ac9fcdb,,,,
0x0000000000000031,,,,,,,0x38ce7e926df77f02c6e0f2fd964547cf,0x393fe35876e5876533f869bb2cb9e8ab,,,,
0x0000000000000032,,,,,,,0x1374ad1de4b49c0cedaa8190d7dc8228,0x10306e76f8b7d27c19257ac31f466b8f,,,,
0x0000000000000033,,,,,,,0x5edee51e64c4c3463de50c2bc8ecc4f4,0x650d1a7ca4821d41fd3348cf0067175f,,,,
0x0000000000000034,,,,,,,0x78f09d5cd8f40d7ac26995d7c40043e9,0x7f5a4158d51534f9449412eb92367157,,,,
0x0000000000000035,,,,,,,0xc940a479ec64087e2ede931392ce7d99,0x705d5e51fdeba6e734f4264481e1514d,,,,
0x0000000000000036,,,,,,,0xa51843545e23c28c1d6e9d5e447ac136,0x4b1bd5b572c0a4d865958d6d1544d957,,,,
0x0000000000000037,,,,,,,0x7236d31a11a7d54fbf972532d73aed30,0x74a8699205fbde4d63cdb4d1a7aefb28,,,,
0x0000000000000038,,,,,,,0x7599c7ae872e6473eeb499ea353bc5e0,0xad57275b66d59814b803848081ffed42,,,,
0x0000000000000039,,,,,,,0x22cdd7914bed4ba38d04868bcdb612bc,0xc7fb30a487b33541bdfe48451cc8c604,,,,
0x000000000000003a,,,,,,,0xa3d0162b78d0bb25a98852fb6fc26661,0x9aa2629ff4deb83ded977440be098750,,,,
0x000000000000003b,,,,,,,0x5a02c92a70d0a7aa27bd7ec943a3e5f9,0x4678c0684fb03dc8e9c67467ac9f6d39,,,,
0x000000000000003c,,,,,,,0x741cd619f93e87438673fc73bf903bcd,0x5e3d6f6321720f4fa8a3f8139f4d04d8,,,,
0x000000000000003d,,,,,,,0x905726f89a0197bf611cde1a83d0150f,0x6372ed4124abf33a7352529fa4d92cc2,,,,
0x000000000000003e,,,,,,,0xd5344b77b1ccc269b1a343873c859220,0x67844b3c03d386a3964443f7a42b37c7,,,,
0x000000000000003f,,,,,,,0xfece7e60f590f6205518265ecbb8342e,0x2a83bd4bbff2a1a1eef3087326f88052,,,,
0x0000000000000040,,,,,,,0x73f30562df7656e48c92dd6e2610edab,0x52ba55a3e37e9ebb2c09d6037575bef0,,,,
0x0000000000000041,,,,,,,0x70a47558ca67318a92f4ba524a5f8c57,0xe458e2e47e034aae2ca4bab60c2bd1c3,,,,
0x0000000000000042,,,,,,,0xf7f11b3f6f138cf29d3468c8f053591b,0x36a41ef21ac26e38ab244c10c6b9ccec,,,,
0x0000000000000043,,,,,,,0xc30dfa0a13473c025df2efb62c42ebe7,0xa7979b9a4ecca054d9e1b4f513358dc3,,,,
0x0000000000000044,,,,,,,0x9ffd3b60cfdc54f7238a4c33b518f798,0x5603c7809242e33d724c8932b7b81a68,,,,
0x0000000000000045,,,,,,,0x47909c4719b6bd42354c7221ddc8ac57,0xf33e84c198fa1e55abc2c436705b7fb7,,,,
0x0000000000000046,,,,,,,0xc8e39c9e4bf377cceb0f0c7972cd962c,0xb0e98ec2ca791cd76b88c56ffec654ff,,,,
0x0000000000000047,,,,,,,0x6439982a4490be9ec28b6070eeb9b25a,0x16c9d8fcb2c5e417f5bb6ec61dd03106,,,,
0x0000000000000048,,,,,,,0x53400d5788d676545d5ecac536a94b75,0x4490ebcced991c249cb62031a1219c77,,,,
0x0000000000000049,,,,,,,0x9dbe286d668fad25b65fab61b5c48ad1,0x6e55062519e642499e9f35ed60a0858b,,,,
0x000000000000004a,,,,,,,0x62a9e8a5a54fae56f366017c44587f00,0x2e46032df50132fce71d2069f37038e5,,,,
0x000000000000004b,,,,,,,0x1c8cce3671df44146115d1026d67993a,0xdaf917a352f634c12a63694c5824e195,,,,
0x000000000000004c,,,,,,,0xaacaa7c13427ccf697f63d13ba746463,0xe4b831b86c5f691da0a3c7b3608026c9,,,,
0x000000000000004d,,,,,,,0xfa00e6e18941e4f833a853049de869cb,0x656348c5cc651124e500d8a9ddbd10d3,,,,
0x000000000000004e,,,,,,,0x9dce9e7165f2e4b50240035d8e387c81,0x19d635707b18568b4ef817c1e7d5b372,,,,
0x000000000000004f,,,,,,,0x26b7b9ca985a9b5d467c38882cee74d4,0x9035dfd6e6f6c7c0e23ef74f98fa7d7e,,,,
0x0000000000000050,,,,,,,0xfb890c19857db70b7d67f893a2deaa74,0x61bfe1f68a85f0531739dada804b6ac6,,,,
0x0000000000000051,,,,,,,0xecc3d38273d1f3039c377f0dea7c968b,0xbc8ad1ef2c87c39e6e710d053a74c5de,,,,
0x0000000000000052,,,,,,,0xcda7f26bfbb9284f532ca9601f98c2ba,0x9e593d6d5332bb34510875f953f111cf,,,,
0x0000000000000053,,,,,,,0x24ffeb004a5d1e6e7247a3e4efbcc5b2,0x4e68ed15b333e215fe2d537ebc1ef7d4,,,,
0x0000000000000054,,,,,,,0x8619829fee533e14c7dabbc7c9c92582,0xfb80a577c6cdfe3d4fafc75335f30713,,,,
0x0000000000000055,,,,,,,0xde2592f292bbc0e0a76c6d1703e4a089,0x5a564c9da8e7dada211e9b2855686a67,,,,
0x0000000000000056,,,,,,,0x929c21b87b8beb3f8197203f41125a73,0xe1ff83965ba763d450c3ada5629e3b4d,,,,
0x0000000000000057,,,,,,,0x46a9f920ea76c3ae95d01f7d4ca0e6c9,0x17580a7ce2340a1ff1b69f7ff0cde162,,,,
0x0000000000000058,,,,,,,0x66635648efbe2bd77fdf6fd996e69ade,0xe8526ac915b6bf61ed19272f146332e5,,,,
0x0000000000000059,,,,,,,0x17f2f7495cce94fa2a598e749f3c8970,0x219abced55412adae878ab13727801c8,,,,
0x000000000000005a,,,,,,,0x87c130a9cbd95e6bb7a7c7d428f8c327,0x925185c312917afc0d1be7b33800d36f,,,,
0x000000000000005b,,,,,,,0x861318a8c7194e4cc7e30893e1642ee3,0xff86bcdec1ee087529363646f9f08ec6,,,,
0x000000000000005c,,,,,,,0xac084c73a3795ed1885629f85447ad70,0x9d281ebaa7b90413c3b7f3f7b87de018,,,,
0x000000000000005d,,,,,,,0xcc6f5720c3d2dd2101663104e586633f,0xae60d7b5e2d83ac24fcc1c00184e2bad,,,,
0x000000000000005e,,,,,,,0x43755bc89eb126c41bfb3026184777a9,0x3fda286a066aba9e9f7c73c36bbdb837,,,,
0x000000000000005f,,,,,,,0xdd2a0aba812a4639fb8b34f411e05b01,0x987ff786b83c50242ab685f7482e4211,,,,
0x0000000000000060,,,,,,,0x583441d427b8854e1fedae03554df980,0xf47ac0595204d77a44924967a413109c,,,,
0x0000000000000061,,,,,,,0x172b084ce26c2aa99317d7f04b3f892d,0x5c0aade7a110050b2cc7a160d4e1f4bb,,,,
0x0000000000000062,,,,,,,0xe197ef10f53b0cac3755fb66ff5e9636,0x34ca91047a322b8af7955d71f6ebbede,,,,
0x0000000000000063,,,,,,,0x1a7a948ca34c74e893ec442d3d8170b8,0x47a132db5d38fc569f27030168abec2b,,,,
0x0000000000000064,,,,,,,0x38590c312700d56b81b3916b8a4011f5,0x92b9f5f6ac639e1e6e61ce0dd93854f1,,,,
0x0000000000000065,,,,,,,0x47ee2871cf7b7d76842bf48d8478d76b,0xd3d9a50d7e2098d36f004218fce5c55f,,,,
0x0000000000000066,,,,,,,0x4dad83175ce4d249fe637f2523c4cb05,0x90f1943ed2d40a541544ab7036730953,,,,
0x0000000000000067,,,,,,,0x7f7efa844b0e04f701decfe3bf0e4323,0x7fbe69eec3e6cdf1df456c1765749fa4,,,,
0x0000000000000068,,,,,,,0xfc6d6f0881dae511116fb9788b54ce27,0x4209bc235d13eee2dd2b52203af11cf8,,,,
0x0000000000000069,,,,,,,0x9f4ede63700308fbe6478a25e9933545,0xeefddb6b9f74069b4819063fe7877018,,,,
0x000000000000006a,,,,,,,0x39fa473f517311444d1e3bb59ab281dc,0xe2303c184bab35413e8664f51a44db86,,,,
0x000000000000006b,,,,,,,0x9b6e24065d589529af29b5eeec3db09d,0x09586f4a3c8bef4574c8984d6c9d13ca,,,,
0x000000000000006c,,,,,,,0x22feed4096fd9ed20d442b57e9527f2a,0x2c837bda94f0bdbc5866380fb5544e20,,,,
0x000000000000006d,,,,,,,0x0381a5b856ff294e4ad8ef4e7d327b1f,0x00382310bd0ac3574e0c908dac8115aa,,,,
0x000000000000006e,,,,,,,0x3190b4e2ce755dac0239b7d833148f08,0x8d3d98ac6d3681587ea9c1395698f230,,,,
0x000000000000006f,,,,,,,0x8f2c9d1b8b9805d34d4a50d82bf65ba7,0x5dac26cc2f3da46f8c8c2938b8251846,,,,
0x0000000000000070,,,,,,,0xbce3d70fca813295601ba7cda573da98,0xee4246883f2cc1665489a91c285d889e,,,,
0x0000000000000071,,,,,,,0xef1b6602f20f5e657f76c4d7c5696936,0xa57b935da529e733b77d0ab6a8a83b07,,,,
0x0000000000000072,,,,,,,0x9289f5d7fdabad4f1d0a3067e8644d80,0x98d327ff80efb4122ec49dc2548f5f4f,,,,
0x0000000000000073,,,,,,,0x24625c65e5dcea7131ab2ba1e2f612b2,0x8552661d3458d245543a3332b94c7bca,,,,
0x0000000000000074,,,,,,,0x0c7e2889765e0ddbc2639ff57ba6d8f1,0xeca68ec88a0cb96a617364b9f9018957,,,,
0x0000000000000075,,,,,,,0x9ee2427648a1064675bb5107421a9129,0x949ae91ddbe1e3c53888fb8bbbdd050c,,,,
0x0000000000000076,,,,,,,0xeacb280c867e84fa605750a3f02def3f,0x7318c6728095600a69566c11cc46e95d,,,,
0x0000000000000077,,,,,,,0x329fcddf83dd9ab22c5e61a7952c25d9,0x3ac510abf78b3ab2e3e24b4546817256,,,,
0x0000000000000078,,,,,,,0x714869aa71dbae9c9aecc50697ab0b1e,0xc0b7298fb4c742df1ac1ff310cc39435,,,,
0x0000000000000079,,,,,,,0x83123d550f549428d5f33867a2c7dde0,0xfb106f0736bbf0e4ad7639e9312de6ec,,,,
0x000000000000007a,,,,,,,0xf15422babbec710c0ea0894f45ade0e9,0x9573261c7f75603224b65be29c390523,,,,
0x000000000000007b,,,,,,,0x98495aa0fc50c9136ef4aeb40da4e9d8,0xfc6ae20e6d02693dc809f2f01a18a99e,,,,
0x000000000000007c,,,,,,,0xfcbbd5a4debd4fc4a517d53f159538d6,0xd30ecc17061db443eb838577a3d2cbaf,,,,
0x000000000000007d,,,,,,,0xc4f687e8de07e1500c5a6fbe26e03d57,0xccce37358b0446cef9573af335434336,,,,
0x000000000000007e,,,,,,,0x4075cff4eb3030606532829e130ae0e7,0x1938aa83213332bc6a67670199486611,,,,
0x000000000000007f,,,,,,,0x2825b09cca53b75c59e250dd8c067be8,0x1b418ea8d077d74480c4625495a87214,,,,
