NUID,IVCbc,IVCtr,IVCIPlus,DataIn,CERT_activate,CERT_generateKey
0x0000000000000000,0x1234567890ABCDEF,,,0x4E6F772069732074,{0x00040000000000E331AF00000000000000000000000000000000000000000409;0x0F010001}{0x0000000000000000000000000000000000000000000000000000000000000000;0x0F022001}{0xF039F9EC22381F9C000000000000000000000000000000000000000000000000;0x0F040001},{0x0004000000000000000000000000000000000000000000000000000000000000;0x05010001}{0x00000000000000000000000000000000A9323031314E61677261766973696F6E;0x05020001}{0x0000000000000000000000000000000000000000000000000000000000000000;0x05040001}{0x0000000000000000000000000000000000000000000000000000000000000000;0x06010001}
0x0000000000000001,0x1234567890ABCDEF,,,0x4E6F772069732074,{0x00040000000000E331AF00000000000000000000000000000000000000000409;0x0F010001}{0x0000000100000001000000010000000100000000000000000000000000000000;0x0F022001}{0xF54E5F8D5B27991D000000000000000000000000000000000000000000000000;0x0F040001},{0x0004000000000000000000000000000000000000000000000000000000000000;0x05010001}{0x00000000000000000000000000000000A9323031314E61677261766973696F6E;0x05020001}{0x0000000000000000000000000000000000000000000000000000000000000000;0x05040001}{0x0000000000000000000000000000000000000000000000000000000000000000;0x06010001}
0x0000000000000002,0x1234567890ABCDEF,,,0x4E6F772069732074,{0x00040000000000E331AF00000000000000000000000000000000000000000409;0x0F010001}{0x0000000200000002000000020000000200000000000000000000000000000000;0x0F022001}{0xB94758347CD03732000000000000000000000000000000000000000000000000;0x0F040001},{0x0004000000000000000000000000000000000000000000000000000000000000;0x05010001}{0x00000000000000000000000000000000A9323031314E61677261766973696F6E;0x05020001}{0x0000000000000000000000000000000000000000000000000000000000000000;0x05040001}{0x0000000000000000000000000000000000000000000000000000000000000000;0x06010001}
0x0000000000000003,0x1234567890ABCDEF,,,0x4E6F772069732074,{0x00040000000000E331AF00000000000000000000000000000000000000000409;0x0F010001}{0x0000000300000003000000030000000300000000000000000000000000000000;0x0F022001}{0x8B020FBF0A019937000000000000000000000000000000000000000000000000;0x0F040001},{0x0004000000000000000000000000000000000000000000000000000000000000;0x05010001}{0x00000000000000000000000000000000A9323031314E61677261766973696F6E;0x05020001}{0x0000000000000000000000000000000000000000000000000000000000000000;0x05040001}{0x0000000000000000000000000000000000000000000000000000000000000000;0x06010001}
0x0000000000000004,0x1234567890ABCDEF,,,0x4E6F772069732074,{0x00040000000000E331AF00000000000000000000000000000000000000000409;0x0F010001}{0x0000000400000004000000040000000400000000000000000000000000000000;0x0F022001}{0xE35BD11255D6F853000000000000000000000000000000000000000000000000;0x0F040001},{0x0004000000000000000000000000000000000000000000000000000000000000;0x05010001}{0x00000000000000000000000000000000A9323031314E61677261766973696F6E;0x05020001}{0x0000000000000000000000000000000000000000000000000000000000000000;0x05040001}{0x0000000000000000000000000000000000000000000000000000000000000000;0x06010001}
0x0000000000000005,0x1234567890ABCDEF,,,0x4E6F772069732074,{0x00040000000000E331AF00000000000000000000000000000000000000000409;0x0F010001}{0x0000000500000005000000050000000500000000000000000000000000000000;0x0F022001}{0x92F3108764EC1DC0000000000000000000000000000000000000000000000000;0x0F040001},{0x0004000000000000000000000000000000000000000000000000000000000000;0x05010001}{0x00000000000000000000000000000000A9323031314E61677261766973696F6E;0x05020001}{0x0000000000000000000000000000000000000000000000000000000000000000;0x05040001}{0x0000000000000000000000000000000000000000000000000000000000000000;0x06010001}
0x0000000000000006,0x1234567890ABCDEF,,,0x4E6F772069732074,{0x00040000000000E331AF00000000000000000000000000000000000000000409;0x0F010001}{0x0000000600000006000000060000000600000000000000000000000000000000;0x0F022001}{0xA523DBAD378F0894000000000000000000000000000000000000000000000000;0x0F040001},{0x0004000000000000000000000000000000000000000000000000000000000000;0x05010001}{0x00000000000000000000000000000000A9323031314E61677261766973696F6E;0x05020001}{0x0000000000000000000000000000000000000000000000000000000000000000;0x05040001}{0x0000000000000000000000000000000000000000000000000000000000000000;0x06010001}
0x0000000000000007,0x1234567890ABCDEF,,,0x4E6F772069732074,{0x00040000000000E331AF00000000000000000000000000000000000000000409;0x0F010001}{0x0000000700000007000000070000000700000000000000000000000000000000;0x0F022001}{0xC45AC57E891CF11A000000000000000000000000000000000000000000000000;0x0F040001},{0x0004000000000000000000000000000000000000000000000000000000000000;0x05010001}{0x00000000000000000000000000000000A9323031314E61677261766973696F6E;0x05020001}{0x0000000000000000000000000000000000000000000000000000000000000000;0x05040001}{0x0000000000000000000000000000000000000000000000000000000000000000;0x06010001}
0x0000000000000008,0x1234567890ABCDEF,,,0x4E6F772069732074,{0x00040000000000E331AF00000000000000000000000000000000000000000409;0x0F010001}{0x0000000800000008000000080000000800000000000000000000000000000000;0x0F022001}{0x826E4EF1F5CFEE0C000000000000000000000000000000000000000000000000;0x0F040001},{0x0004000000000000000000000000000000000000000000000000000000000000;0x05010001}{0x00000000000000000000000000000000A9323031314E61677261766973696F6E;0x05020001}{0x0000000000000000000000000000000000000000000000000000000000000000;0x05040001}{0x0000000000000000000000000000000000000000000000000000000000000000;0x06010001}
0x0000000000000009,0x1234567890ABCDEF,,,0x4E6F772069732074,{0x00040000000000E331AF00000000000000000000000000000000000000000409;0x0F010001}{0x0000000900000009000000090000000900000000000000000000000000000000;0x0F022001}{0xF0B093447CCD97A8000000000000000000000000000000000000000000000000;0x0F040001},{0x0004000000000000000000000000000000000000000000000000000000000000;0x05010001}{0x00000000000000000000000000000000A9323031314E61677261766973696F6E;0x05020001}{0x0000000000000000000000000000000000000000000000000000000000000000;0x05040001}{0x0000000000000000000000000000000000000000000000000000000000000000;0x06010001}
0x000000000000000a,0x1234567890ABCDEF,,,0x4E6F772069732074,{0x00040000000000E331AF00000000000000000000000000000000000000000409;0x0F010001}{0x0000000A0000000A0000000A0000000A00000000000000000000000000000000;0x0F022001}{0xA94A10D09F94720B000000000000000000000000000000000000000000000000;0x0F040001},{0x0004000000000000000000000000000000000000000000000000000000000000;0x05010001}{0x00000000000000000000000000000000A9323031314E61677261766973696F6E;0x05020001}{0x0000000000000000000000000000000000000000000000000000000000000000;0x05040001}{0x0000000000000000000000000000000000000000000000000000000000000000;0x06010001}
0x000000000000000b,0x1234567890ABCDEF,,,0x4E6F772069732074,{0x00040000000000E331AF00000000000000000000000000000000000000000409;0x0F010001}{0x0000000B0000000B0000000B0000000B00000000000000000000000000000000;0x0F022001}{0x56D637C4AF50D9CB000000000000000000000000000000000000000000000000;0x0F040001},{0x0004000000000000000000000000000000000000000000000000000000000000;0x05010001}{0x00000000000000000000000000000000A9323031314E61677261766973696F6E;0x05020001}{0x0000000000000000000000000000000000000000000000000000000000000000;0x05040001}{0x0000000000000000000000000000000000000000000000000000000000000000;0x06010001}
0x000000000000000c,0x1234567890ABCDEF,,,0x4E6F772069732074,{0x00040000000000E331AF00000000000000000000000000000000000000000409;0x0F010001}{0x0000000C0000000C0000000C0000000C00000000000000000000000000000000;0x0F022001}{0x4B79529B656C45E9000000000000000000000000000000000000000000000000;0x0F040001},{0x0004000000000000000000000000000000000000000000000000000000000000;0x05010001}{0x00000000000000000000000000000000A9323031314E61677261766973696F6E;0x05020001}{0x0000000000000000000000000000000000000000000000000000000000000000;0x05040001}{0x0000000000000000000000000000000000000000000000000000000000000000;0x06010001}
0x000000000000000d,0x1234567890ABCDEF,,,0x4E6F772069732074,{0x00040000000000E331AF00000000000000000000000000000000000000000409;0x0F010001}{0x0000000D0000000D0000000D0000000D00000000000000000000000000000000;0x0F022001}{0xDCB39A7BAF40837B000000000000000000000000000000000000000000000000;0x0F040001},{0x0004000000000000000000000000000000000000000000000000000000000000;0x05010001}{0x00000000000000000000000000000000A9323031314E61677261766973696F6E;0x05020001}{0x0000000000000000000000000000000000000000000000000000000000000000;0x05040001}{0x0000000000000000000000000000000000000000000000000000000000000000;0x06010001}
0x000000000000000e,0x1234567890ABCDEF,,,0x4E6F772069732074,{0x00040000000000E331AF00000000000000000000000000000000000000000409;0x0F010001}{0x0000000E0000000E0000000E0000000E00000000000000000000000000000000;0x0F022001}{0xAA6372F12664DF88000000000000000000000000000000000000000000000000;0x0F040001},{0x0004000000000000000000000000000000000000000000000000000000000000;0x05010001}{0x00000000000000000000000000000000A9323031314E61677261766973696F6E;0x05020001}{0x0000000000000000000000000000000000000000000000000000000000000000;0x05040001}{0x0000000000000000000000000000000000000000000000000000000000000000;0x06010001}
0x000000000000000f,0x1234567890ABCDEF,,,0x4E6F772069732074,{0x00040000000000E331AF00000000000000000000000000000000000000000409;0x0F010001}{0x0000000F0000000F0000000F0000000F00000000000000000000000000000000;0x0F022001}{0xC43073BADCC61467000000000000000000000000000000000000000000000000;0x0F040001},{0x0004000000000000000000000000000000000000000000000000000000000000;0x05010001}{0x00000000000000000000000000000000A9323031314E61677261766973696F6E;0x05020001}{0x0000000000000000000000000000000000000000000000000000000000000000;0x05040001}{0x0000000000000000000000000000000000000000000000000000000000000000;0x06010001}
0x0000000000000010,0x1234567890ABCDEF,,,0x4E6F772069732074,{0x00040000000000E331AF00000000000000000000000000000000000000000409;0x0F010001}{0x0000001000000010000000100000001000000000000000000000000000000000;0x0F022001}{0x9FEBD12FD8352293000000000000000000000000000000000000000000000000;0x0F040001},{0x0004000000000000000000000000000000000000000000000000000000000000;0x05010001}{0x00000000000000000000000000000000A9323031314E61677261766973696F6E;0x05020001}{0x0000000000000000000000000000000000000000000000000000000000000000;0x05040001}{0x0000000000000000000000000000000000000000000000000000000000000000;0x06010001}
0x0000000000000011,0x1234567890ABCDEF,,,0x4E6F772069732074,{0x00040000000000E331AF00000000000000000000000000000000000000000409;0x0F010001}{0x0000001100000011000000110000001100000000000000000000000000000000;0x0F022001}{0xABEA2857C4A55E13000000000000000000000000000000000000000000000000;0x0F040001},{0x0004000000000000000000000000000000000000000000000000000000000000;0x05010001}{0x00000000000000000000000000000000A9323031314E61677261766973696F6E;0x05020001}{0x0000000000000000000000000000000000000000000000000000000000000000;0x05040001}{0x0000000000000000000000000000000000000000000000000000000000000000;0x06010001}
0x0000000000000012,0x1234567890ABCDEF,,,0x4E6F772069732074,{0x00040000000000E331AF00000000000000000000000000000000000000000409;0x0F010001}{0x0000001200000012000000120000001200000000000000000000000000000000;0x0F022001}{0x97422C22DDAD5BA5000000000000000000000000000000000000000000000000;0x0F040001},{0x0004000000000000000000000000000000000000000000000000000000000000;0x05010001}{0x00000000000000000000000000000000A9323031314E61677261766973696F6E;0x05020001}{0x0000000000000000000000000000000000000000000000000000000000000000;0x05040001}{0x0000000000000000000000000000000000000000000000000000000000000000;0x06010001}
0x0000000000000013,0x1234567890ABCDEF,,,0x4E6F772069732074,{0x00040000000000E331AF00000000000000000000000000000000000000000409;0x0F010001}{0x0000001300000013000000130000001300000000000000000000000000000000;0x0F022001}{0x418411FE98C79356000000000000000000000000000000000000000000000000;0x0F040001},{0x0004000000000000000000000000000000000000000000000000000000000000;0x05010001}{0x00000000000000000000000000000000A9323031314E61677261766973696F6E;0x05020001}{0x0000000000000000000000000000000000000000000000000000000000000000;0x05040001}{0x0000000000000000000000000000000000000000000000000000000000000000;0x06010001}
0x0000000000000014,0x1234567890ABCDEF,,,0x4E6F772069732074,{0x00040000000000E331AF00000000000000000000000000000000000000000409;0x0F010001}{0x0000001400000014000000140000001400000000000000000000000000000000;0x0F022001}{0x0EA77743F3F129A8000000000000000000000000000000000000000000000000;0x0F040001},{0x0004000000000000000000000000000000000000000000000000000000000000;0x05010001}{0x00000000000000000000000000000000A9323031314E61677261766973696F6E;0x05020001}{0x0000000000000000000000000000000000000000000000000000000000000000;0x05040001}{0x0000000000000000000000000000000000000000000000000000000000000000;0x06010001}
0x0000000000000015,0x1234567890ABCDEF,,,0x4E6F772069732074,{0x00040000000000E331AF00000000000000000000000000000000000000000409;0x0F010001}{0x0000001500000015000000150000001500000000000000000000000000000000;0x0F022001}{0x504FE6783FBBD6CA000000000000000000000000000000000000000000000000;0x0F040001},{0x0004000000000000000000000000000000000000000000000000000000000000;0x05010001}{0x00000000000000000000000000000000A9323031314E61677261766973696F6E;0x05020001}{0x0000000000000000000000000000000000000000000000000000000000000000;0x05040001}{0x0000000000000000000000000000000000000000000000000000000000000000;0x06010001}
0x0000000000000016,0x1234567890ABCDEF,,,0x4E6F772069732074,{0x00040000000000E331AF00000000000000000000000000000000000000000409;0x0F010001}{0x0000001600000016000000160000001600000000000000000000000000000000;0x0F022001}{0x5E80FDBB8CD4F97B000000000000000000000000000000000000000000000000;0x0F040001},{0x0004000000000000000000000000000000000000000000000000000000000000;0x05010001}{0x00000000000000000000000000000000A9323031314E61677261766973696F6E;0x05020001}{0x0000000000000000000000000000000000000000000000000000000000000000;0x05040001}{0x0000000000000000000000000000000000000000000000000000000000000000;0x06010001}
0x0000000000000017,0x1234567890ABCDEF,,,0x4E6F772069732074,{0x00040000000000E331AF00000000000000000000000000000000000000000409;0x0F010001}{0x0000001700000017000000170000001700000000000000000000000000000000;0x0F022001}{0x4238A121C6C873D5000000000000000000000000000000000000000000000000;0x0F040001},{0x0004000000000000000000000000000000000000000000000000000000000000;0x05010001}{0x00000000000000000000000000000000A9323031314E61677261766973696F6E;0x05020001}{0x0000000000000000000000000000000000000000000000000000000000000000;0x05040001}{0x0000000000000000000000000000000000000000000000000000000000000000;0x06010001}
0x0000000000000018,0x1234567890ABCDEF,,,0x4E6F772069732074,{0x00040000000000E331AF00000000000000000000000000000000000000000409;0x0F010001}{0x0000001800000018000000180000001800000000000000000000000000000000;0x0F022001}{0xB02777709F61A66C000000000000000000000000000000000000000000000000;0x0F040001},{0x0004000000000000000000000000000000000000000000000000000000000000;0x05010001}{0x00000000000000000000000000000000A9323031314E61677261766973696F6E;0x05020001}{0x0000000000000000000000000000000000000000000000000000000000000000;0x05040001}{0x0000000000000000000000000000000000000000000000000000000000000000;0x06010001}
0x0000000000000019,0x1234567890ABCDEF,,,0x4E6F772069732074,{0x00040000000000E331AF00000000000000000000000000000000000000000409;0x0F010001}{0x0000001900000019000000190000001900000000000000000000000000000000;0x0F022001}{0x2ED5E9E3EDF2323A000000000000000000000000000000000000000000000000;0x0F040001},{0x0004000000000000000000000000000000000000000000000000000000000000;0x05010001}{0x00000000000000000000000000000000A9323031314E61677261766973696F6E;0x05020001}{0x0000000000000000000000000000000000000000000000000000000000000000;0x05040001}{0x0000000000000000000000000000000000000000000000000000000000000000;0x06010001}
0x000000000000001a,0x1234567890ABCDEF,,,0x4E6F772069732074,{0x00040000000000E331AF00000000000000000000000000000000000000000409;0x0F010001}{0x0000001A0000001A0000001A0000001A00000000000000000000000000000000;0x0F022001}{0x65E456C28B3C3FE9000000000000000000000000000000000000000000000000;0x0F040001},{0x0004000000000000000000000000000000000000000000000000000000000000;0x05010001}{0x00000000000000000000000000000000A9323031314E61677261766973696F6E;0x05020001}{0x0000000000000000000000000000000000000000000000000000000000000000;0x05040001}{0x0000000000000000000000000000000000000000000000000000000000000000;0x06010001}
0x000000000000001b,0x1234567890ABCDEF,,,0x4E6F772069732074,{0x00040000000000E331AF00000000000000000000000000000000000000000409;0x0F010001}{0x0000001B0000001B0000001B0000001B00000000000000000000000000000000;0x0F022001}{0xC605720757EEF8B3000000000000000000000000000000000000000000000000;0x0F040001},{0x0004000000000000000000000000000000000000000000000000000000000000;0x05010001}{0x00000000000000000000000000000000A9323031314E61677261766973696F6E;0x05020001}{0x0000000000000000000000000000000000000000000000000000000000000000;0x05040001}{0x0000000000000000000000000000000000000000000000000000000000000000;0x06010001}
0x000000000000001c,0x1234567890ABCDEF,,,0x4E6F772069732074,{0x00040000000000E331AF00000000000000000000000000000000000000000409;0x0F010001}{0x0000001C0000001C0000001C0000001C00000000000000000000000000000000;0x0F022001}{0x39886F65A5318AA9000000000000000000000000000000000000000000000000;0x0F040001},{0x0004000000000000000000000000000000000000000000000000000000000000;0x05010001}{0x00000000000000000000000000000000A9323031314E61677261766973696F6E;0x05020001}{0x0000000000000000000000000000000000000000000000000000000000000000;0x05040001}{0x0000000000000000000000000000000000000000000000000000000000000000;0x06010001}
0x000000000000001d,0x1234567890ABCDEF,,,0x4E6F772069732074,{0x00040000000000E331AF00000000000000000000000000000000000000000409;0x0F010001}{0x0000001D0000001D0000001D0000001D00000000000000000000000000000000;0x0F022001}{0x6F445AF666CA3746000000000000000000000000000000000000000000000000;0x0F040001},{0x0004000000000000000000000000000000000000000000000000000000000000;0x05010001}{0x00000000000000000000000000000000A9323031314E61677261766973696F6E;0x05020001}{0x0000000000000000000000000000000000000000000000000000000000000000;0x05040001}{0x0000000000000000000000000000000000000000000000000000000000000000;0x06010001}
0x000000000000001e,0x1234567890ABCDEF,,,0x4E6F772069732074,{0x00040000000000E331AF00000000000000000000000000000000000000000409;0x0F010001}{0x0000001E0000001E0000001E0000001E00000000000000000000000000000000;0x0F022001}{0x406A8EDA6B166E27000000000000000000000000000000000000000000000000;0x0F040001},{0x0004000000000000000000000000000000000000000000000000000000000000;0x05010001}{0x00000000000000000000000000000000A9323031314E61677261766973696F6E;0x05020001}{0x0000000000000000000000000000000000000000000000000000000000000000;0x05040001}{0x0000000000000000000000000000000000000000000000000000000000000000;0x06010001}
0x000000000000001f,0x1234567890ABCDEF,,,0x4E6F772069732074,{0x00040000000000E331AF00000000000000000000000000000000000000000409;0x0F010001}{0x0000001F0000001F0000001F0000001F00000000000000000000000000000000;0x0F022001}{0xBE97C1965825C5A9000000000000000000000000000000000000000000000000;0x0F040001},{0x0004000000000000000000000000000000000000000000000000000000000000;0x05010001}{0x00000000000000000000000000000000A9323031314E61677261766973696F6E;0x05020001}{0x0000000000000000000000000000000000000000000000000000000000000000;0x05040001}{0x0000000000000000000000000000000000000000000000000000000000000000;0x06010001}
0x0000000000000020,0x1234567890ABCDEF,,,0x4E6F772069732074,{0x00040000000000E331AF00000000000000000000000000000000000000000409;0x0F010001}{0x0000002000000020000000200000002000000000000000000000000000000000;0x0F022001}{0xD89BC39A4529F6F8000000000000000000000000000000000000000000000000;0x0F040001},{0x0004000000000000000000000000000000000000000000000000000000000000;0x05010001}{0x00000000000000000000000000000000A9323031314E61677261766973696F6E;0x05020001}{0x0000000000000000000000000000000000000000000000000000000000000000;0x05040001}{0x0000000000000000000000000000000000000000000000000000000000000000;0x06010001}
0x0000000000000021,0x1234567890ABCDEF,,,0x4E6F772069732074,{0x00040000000000E331AF00000000000000000000000000000000000000000409;0x0F010001}{0x0000002100000021000000210000002100000000000000000000000000000000;0x0F022001}{0xBCD22542AA1F1A7F000000000000000000000000000000000000000000000000;0x0F040001},{0x0004000000000000000000000000000000000000000000000000000000000000;0x05010001}{0x00000000000000000000000000000000A9323031314E61677261766973696F6E;0x05020001}{0x0000000000000000000000000000000000000000000000000000000000000000;0x05040001}{0x0000000000000000000000000000000000000000000000000000000000000000;0x06010001}
0x0000000000000022,0x1234567890ABCDEF,,,0x4E6F772069732074,{0x00040000000000E331AF00000000000000000000000000000000000000000409;0x0F010001}{0x0000002200000022000000220000002200000000000000000000000000000000;0x0F022001}{0x1ED1E88DA68EC383000000000000000000000000000000000000000000000000;0x0F040001},{0x0004000000000000000000000000000000000000000000000000000000000000;0x05010001}{0x00000000000000000000000000000000A9323031314E61677261766973696F6E;0x05020001}{0x0000000000000000000000000000000000000000000000000000000000000000;0x05040001}{0x0000000000000000000000000000000000000000000000000000000000000000;0x06010001}
0x0000000000000023,0x1234567890ABCDEF,,,0x4E6F772069732074,{0x00040000000000E331AF00000000000000000000000000000000000000000409;0x0F010001}{0x0000002300000023000000230000002300000000000000000000000000000000;0x0F022001}{0x37E8143190F74974000000000000000000000000000000000000000000000000;0x0F040001},{0x0004000000000000000000000000000000000000000000000000000000000000;0x05010001}{0x00000000000000000000000000000000A9323031314E61677261766973696F6E;0x05020001}{0x0000000000000000000000000000000000000000000000000000000000000000;0x05040001}{0x0000000000000000000000000000000000000000000000000000000000000000;0x06010001}
0x0000000000000024,0x1234567890ABCDEF,,,0x4E6F772069732074,{0x00040000000000E331AF00000000000000000000000000000000000000000409;0x0F010001}{0x0000002400000024000000240000002400000000000000000000000000000000;0x0F022001}{0x08A23849B6E58315000000000000000000000000000000000000000000000000;0x0F040001},{0x0004000000000000000000000000000000000000000000000000000000000000;0x05010001}{0x00000000000000000000000000000000A9323031314E61677261766973696F6E;0x05020001}{0x0000000000000000000000000000000000000000000000000000000000000000;0x05040001}{0x0000000000000000000000000000000000000000000000000000000000000000;0x06010001}
0x0000000000000025,0x1234567890ABCDEF,,,0x4E6F772069732074,{0x00040000000000E331AF00000000000000000000000000000000000000000409;0x0F010001}{0x0000002500000025000000250000002500000000000000000000000000000000;0x0F022001}{0x347B441DDE73F312000000000000000000000000000000000000000000000000;0x0F040001},{0x0004000000000000000000000000000000000000000000000000000000000000;0x05010001}{0x00000000000000000000000000000000A9323031314E61677261766973696F6E;0x05020001}{0x0000000000000000000000000000000000000000000000000000000000000000;0x05040001}{0x0000000000000000000000000000000000000000000000000000000000000000;0x06010001}
0x0000000000000026,0x1234567890ABCDEF,,,0x4E6F772069732074,{0x00040000000000E331AF00000000000000000000000000000000000000000409;0x0F010001}{0x0000002600000026000000260000002600000000000000000000000000000000;0x0F022001}{0x438147397DF91851000000000000000000000000000000000000000000000000;0x0F040001},{0x0004000000000000000000000000000000000000000000000000000000000000;0x05010001}{0x00000000000000000000000000000000A9323031314E61677261766973696F6E;0x05020001}{0x0000000000000000000000000000000000000000000000000000000000000000;0x05040001}{0x0000000000000000000000000000000000000000000000000000000000000000;0x06010001}
0x0000000000000027,0x1234567890ABCDEF,,,0x4E6F772069732074,{0x00040000000000E331AF00000000000000000000000000000000000000000409;0x0F010001}{0x0000002700000027000000270000002700000000000000000000000000000000;0x0F022001}{0xFD65F9B723A5CF9A000000000000000000000000000000000000000000000000;0x0F040001},{0x0004000000000000000000000000000000000000000000000000000000000000;0x05010001}{0x00000000000000000000000000000000A9323031314E61677261766973696F6E;0x05020001}{0x0000000000000000000000000000000000000000000000000000000000000000;0x05040001}{0x0000000000000000000000000000000000000000000000000000000000000000;0x06010001}
0x0000000000000028,0x1234567890ABCDEF,,,0x4E6F772069732074,{0x00040000000000E331AF00000000000000000000000000000000000000000409;0x0F010001}{0x0000002800000028000000280000002800000000000000000000000000000000;0x0F022001}{0x9722AD6F2E7FC202000000000000000000000000000000000000000000000000;0x0F040001},{0x0004000000000000000000000000000000000000000000000000000000000000;0x05010001}{0x00000000000000000000000000000000A9323031314E61677261766973696F6E;0x05020001}{0x0000000000000000000000000000000000000000000000000000000000000000;0x05040001}{0x0000000000000000000000000000000000000000000000000000000000000000;0x06010001}
0x0000000000000029,0x1234567890ABCDEF,,,0x4E6F772069732074,{0x00040000000000E331AF00000000000000000000000000000000000000000409;0x0F010001}{0x0000002900000029000000290000002900000000000000000000000000000000;0x0F022001}{0x993F8349942E2CF8000000000000000000000000000000000000000000000000;0x0F040001},{0x0004000000000000000000000000000000000000000000000000000000000000;0x05010001}{0x00000000000000000000000000000000A9323031314E61677261766973696F6E;0x05020001}{0x0000000000000000000000000000000000000000000000000000000000000000;0x05040001}{0x0000000000000000000000000000000000000000000000000000000000000000;0x06010001}
0x000000000000002a,0x1234567890ABCDEF,,,0x4E6F772069732074,{0x00040000000000E331AF00000000000000000000000000000000000000000409;0x0F010001}{0x0000002A0000002A0000002A0000002A00000000000000000000000000000000;0x0F022001}{0x4175C31291D047FE000000000000000000000000000000000000000000000000;0x0F040001},{0x0004000000000000000000000000000000000000000000000000000000000000;0x05010001}{0x00000000000000000000000000000000A9323031314E61677261766973696F6E;0x05020001}{0x0000000000000000000000000000000000000000000000000000000000000000;0x05040001}{0x0000000000000000000000000000000000000000000000000000000000000000;0x06010001}
0x000000000000002b,0x1234567890ABCDEF,,,0x4E6F772069732074,{0x00040000000000E331AF00000000000000000000000000000000000000000409;0x0F010001}{0x0000002B0000002B0000002B0000002B00000000000000000000000000000000;0x0F022001}{0x9BF33497F9F0B6B5000000000000000000000000000000000000000000000000;0x0F040001},{0x0004000000000000000000000000000000000000000000000000000000000000;0x05010001}{0x00000000000000000000000000000000A9323031314E61677261766973696F6E;0x05020001}{0x0000000000000000000000000000000000000000000000000000000000000000;0x05040001}{0x0000000000000000000000000000000000000000000000000000000000000000;0x06010001}
0x000000000000002c,0x1234567890ABCDEF,,,0x4E6F772069732074,{0x00040000000000E331AF00000000000000000000000000000000000000000409;0x0F010001}{0x0000002C0000002C0000002C0000002C00000000000000000000000000000000;0x0F022001}{0x4047E27216209BC8000000000000000000000000000000000000000000000000;0x0F040001},{0x0004000000000000000000000000000000000000000000000000000000000000;0x05010001}{0x00000000000000000000000000000000A9323031314E61677261766973696F6E;0x05020001}{0x0000000000000000000000000000000000000000000000000000000000000000;0x05040001}{0x0000000000000000000000000000000000000000000000000000000000000000;0x06010001}
0x000000000000002d,0x1234567890ABCDEF,,,0x4E6F772069732074,{0x00040000000000E331AF00000000000000000000000000000000000000000409;0x0F010001}{0x0000002D0000002D0000002D0000002D00000000000000000000000000000000;0x0F022001}{0x2241F2D7EE53BF9B000000000000000000000000000000000000000000000000;0x0F040001},{0x0004000000000000000000000000000000000000000000000000000000000000;0x05010001}{0x00000000000000000000000000000000A9323031314E61677261766973696F6E;0x05020001}{0x0000000000000000000000000000000000000000000000000000000000000000;0x05040001}{0x0000000000000000000000000000000000000000000000000000000000000000;0x06010001}
0x000000000000002e,0x1234567890ABCDEF,,,0x4E6F772069732074,{0x00040000000000E331AF00000000000000000000000000000000000000000409;0x0F010001}{0x0000002E0000002E0000002E0000002E00000000000000000000000000000000;0x0F022001}{0x1964A969571A198B000000000000000000000000000000000000000000000000;0x0F040001},{0x0004000000000000000000000000000000000000000000000000000000000000;0x05010001}{0x00000000000000000000000000000000A9323031314E61677261766973696F6E;0x05020001}{0x0000000000000000000000000000000000000000000000000000000000000000;0x05040001}{0x0000000000000000000000000000000000000000000000000000000000000000;0x06010001}
0x000000000000002f,0x1234567890ABCDEF,,,0x4E6F772069732074,{0x00040000000000E331AF00000000000000000000000000000000000000000409;0x0F010001}{0x0000002F0000002F0000002F0000002F00000000000000000000000000000000;0x0F022001}{0x2ADE8EA4CF9FDC5E000000000000000000000000000000000000000000000000;0x0F040001},{0x0004000000000000000000000000000000000000000000000000000000000000;0x05010001}{0x00000000000000000000000000000000A9323031314E61677261766973696F6E;0x05020001}{0x0000000000000000000000000000000000000000000000000000000000000000;0x05040001}{0x0000000000000000000000000000000000000000000000000000000000000000;0x06010001}
0x0000000000000030,0x1234567890ABCDEF,,,0x4E6F772069732074,{0x00040000000000E331AF00000000000000000000000000000000000000000409;0x0F010001}{0x0000003000000030000000300000003000000000000000000000000000000000;0x0F022001}{0x994F707804CC749E000000000000000000000000000000000000000000000000;0x0F040001},{0x0004000000000000000000000000000000000000000000000000000000000000;0x05010001}{0x00000000000000000000000000000000A9323031314E61677261766973696F6E;0x05020001}{0x0000000000000000000000000000000000000000000000000000000000000000;0x05040001}{0x0000000000000000000000000000000000000000000000000000000000000000;0x06010001}
0x0000000000000031,0x1234567890ABCDEF,,,0x4E6F772069732074,{0x00040000000000E331AF00000000000000000000000000000000000000000409;0x0F010001}{0x0000003100000031000000310000003100000000000000000000000000000000;0x0F022001}{0x5394FAF11EE70BFA000000000000000000000000000000000000000000000000;0x0F040001},{0x0004000000000000000000000000000000000000000000000000000000000000;0x05010001}{0x00000000000000000000000000000000A9323031314E61677261766973696F6E;0x05020001}{0x0000000000000000000000000000000000000000000000000000000000000000;0x05040001}{0x0000000000000000000000000000000000000000000000000000000000000000;0x06010001}
0x0000000000000032,0x1234567890ABCDEF,,,0x4E6F772069732074,{0x00040000000000E331AF00000000000000000000000000000000000000000409;0x0F010001}{0x0000003200000032000000320000003200000000000000000000000000000000;0x0F022001}{0x292A069CEE5DC220000000000000000000000000000000000000000000000000;0x0F040001},{0x0004000000000000000000000000000000000000000000000000000000000000;0x05010001}{0x00000000000000000000000000000000A9323031314E61677261766973696F6E;0x05020001}{0x0000000000000000000000000000000000000000000000000000000000000000;0x05040001}{0x0000000000000000000000000000000000000000000000000000000000000000;0x06010001}
0x0000000000000033,0x1234567890ABCDEF,,,0x4E6F772069732074,{0x00040000000000E331AF00000000000000000000000000000000000000000409;0x0F010001}{0x0000003300000033000000330000003300000000000000000000000000000000;0x0F022001}{0x23C4D256D616CCD8000000000000000000000000000000000000000000000000;0x0F040001},{0x0004000000000000000000000000000000000000000000000000000000000000;0x05010001}{0x00000000000000000000000000000000A9323031314E61677261766973696F6E;0x05020001}{0x0000000000000000000000000000000000000000000000000000000000000000;0x05040001}{0x0000000000000000000000000000000000000000000000000000000000000000;0x06010001}
0x0000000000000034,0x1234567890ABCDEF,,,0x4E6F772069732074,{0x00040000000000E331AF00000000000000000000000000000000000000000409;0x0F010001}{0x0000003400000034000000340000003400000000000000000000000000000000;0x0F022001}{0x326E5072C8F19720000000000000000000000000000000000000000000000000;0x0F040001},{0x0004000000000000000000000000000000000000000000000000000000000000;0x05010001}{0x00000000000000000000000000000000A9323031314E61677261766973696F6E;0x05020001}{0x0000000000000000000000000000000000000000000000000000000000000000;0x05040001}{0x0000000000000000000000000000000000000000000000000000000000000000;0x06010001}
0x0000000000000035,0x1234567890ABCDEF,,,0x4E6F772069732074,{0x00040000000000E331AF00000000000000000000000000000000000000000409;0x0F010001}{0x0000003500000035000000350000003500000000000000000000000000000000;0x0F022001}{0xDBA39ABB30282D7A000000000000000000000000000000000000000000000000;0x0F040001},{0x0004000000000000000000000000000000000000000000000000000000000000;0x05010001}{0x00000000000000000000000000000000A9323031314E61677261766973696F6E;0x05020001}{0x0000000000000000000000000000000000000000000000000000000000000000;0x05040001}{0x0000000000000000000000000000000000000000000000000000000000000000;0x06010001}
0x0000000000000036,0x1234567890ABCDEF,,,0x4E6F772069732074,{0x00040000000000E331AF00000000000000000000000000000000000000000409;0x0F010001}{0x0000003600000036000000360000003600000000000000000000000000000000;0x0F022001}{0xC3C09BA32A1E4EC6000000000000000000000000000000000000000000000000;0x0F040001},{0x0004000000000000000000000000000000000000000000000000000000000000;0x05010001}{0x00000000000000000000000000000000A9323031314E61677261766973696F6E;0x05020001}{0x0000000000000000000000000000000000000000000000000000000000000000;0x05040001}{0x0000000000000000000000000000000000000000000000000000000000000000;0x06010001}
0x0000000000000037,0x1234567890ABCDEF,,,0x4E6F772069732074,{0x00040000000000E331AF00000000000000000000000000000000000000000409;0x0F010001}{0x0000003700000037000000370000003700000000000000000000000000000000;0x0F022001}{0x246AC47942A01BA7000000000000000000000000000000000000000000000000;0x0F040001},{0x0004000000000000000000000000000000000000000000000000000000000000;0x05010001}{0x00000000000000000000000000000000A9323031314E61677261766973696F6E;0x05020001}{0x0000000000000000000000000000000000000000000000000000000000000000;0x05040001}{0x0000000000000000000000000000000000000000000000000000000000000000;0x06010001}
0x0000000000000038,0x1234567890ABCDEF,,,0x4E6F772069732074,{0x00040000000000E331AF00000000000000000000000000000000000000000409;0x0F010001}{0x0000003800000038000000380000003800000000000000000000000000000000;0x0F022001}{0x18541489B701C0FA000000000000000000000000000000000000000000000000;0x0F040001},{0x0004000000000000000000000000000000000000000000000000000000000000;0x05010001}{0x00000000000000000000000000000000A9323031314E61677261766973696F6E;0x05020001}{0x0000000000000000000000000000000000000000000000000000000000000000;0x05040001}{0x0000000000000000000000000000000000000000000000000000000000000000;0x06010001}
0x0000000000000039,0x1234567890ABCDEF,,,0x4E6F772069732074,{0x00040000000000E331AF00000000000000000000000000000000000000000409;0x0F010001}{0x0000003900000039000000390000003900000000000000000000000000000000;0x0F022001}{0xB91C4BFB56C48234000000000000000000000000000000000000000000000000;0x0F040001},{0x0004000000000000000000000000000000000000000000000000000000000000;0x05010001}{0x00000000000000000000000000000000A9323031314E61677261766973696F6E;0x05020001}{0x0000000000000000000000000000000000000000000000000000000000000000;0x05040001}{0x0000000000000000000000000000000000000000000000000000000000000000;0x06010001}
0x000000000000003a,0x1234567890ABCDEF,,,0x4E6F772069732074,{0x00040000000000E331AF00000000000000000000000000000000000000000409;0x0F010001}{0x0000003A0000003A0000003A0000003A00000000000000000000000000000000;0x0F022001}{0x7A9F809CCD49AE49000000000000000000000000000000000000000000000000;0x0F040001},{0x0004000000000000000000000000000000000000000000000000000000000000;0x05010001}{0x00000000000000000000000000000000A9323031314E61677261766973696F6E;0x05020001}{0x0000000000000000000000000000000000000000000000000000000000000000;0x05040001}{0x0000000000000000000000000000000000000000000000000000000000000000;0x06010001}
0x000000000000003b,0x1234567890ABCDEF,,,0x4E6F772069732074,{0x00040000000000E331AF00000000000000000000000000000000000000000409;0x0F010001}{0x0000003B0000003B0000003B0000003B00000000000000000000000000000000;0x0F022001}{0xD40D4B7B866A8404000000000000000000000000000000000000000000000000;0x0F040001},{0x0004000000000000000000000000000000000000000000000000000000000000;0x05010001}{0x00000000000000000000000000000000A9323031314E61677261766973696F6E;0x05020001}{0x0000000000000000000000000000000000000000000000000000000000000000;0x05040001}{0x0000000000000000000000000000000000000000000000000000000000000000;0x06010001}
0x000000000000003c,0x1234567890ABCDEF,,,0x4E6F772069732074,{0x00040000000000E331AF00000000000000000000000000000000000000000409;0x0F010001}{0x0000003C0000003C0000003C0000003C00000000000000000000000000000000;0x0F022001}{0x43FC5EE51BB27864000000000000000000000000000000000000000000000000;0x0F040001},{0x0004000000000000000000000000000000000000000000000000000000000000;0x05010001}{0x00000000000000000000000000000000A9323031314E61677261766973696F6E;0x05020001}{0x0000000000000000000000000000000000000000000000000000000000000000;0x05040001}{0x0000000000000000000000000000000000000000000000000000000000000000;0x06010001}
0x000000000000003d,0x1234567890ABCDEF,,,0x4E6F772069732074,{0x00040000000000E331AF00000000000000000000000000000000000000000409;0x0F010001}{0x0000003D0000003D0000003D0000003D00000000000000000000000000000000;0x0F022001}{0xB875CE5E233F3EA0000000000000000000000000000000000000000000000000;0x0F040001},{0x0004000000000000000000000000000000000000000000000000000000000000;0x05010001}{0x00000000000000000000000000000000A9323031314E61677261766973696F6E;0x05020001}{0x0000000000000000000000000000000000000000000000000000000000000000;0x05040001}{0x0000000000000000000000000000000000000000000000000000000000000000;0x06010001}
0x000000000000003e,0x1234567890ABCDEF,,,0x4E6F772069732074,{0x00040000000000E331AF00000000000000000000000000000000000000000409;0x0F010001}{0x0000003E0000003E0000003E0000003E00000000000000000000000000000000;0x0F022001}{0x742FD39CA55D84CB000000000000000000000000000000000000000000000000;0x0F040001},{0x0004000000000000000000000000000000000000000000000000000000000000;0x05010001}{0x00000000000000000000000000000000A9323031314E61677261766973696F6E;0x05020001}{0x0000000000000000000000000000000000000000000000000000000000000000;0x05040001}{0x0000000000000000000000000000000000000000000000000000000000000000;0x06010001}
0x000000000000003f,0x1234567890ABCDEF,,,0x4E6F772069732074,{0x00040000000000E331AF00000000000000000000000000000000000000000409;0x0F010001}{0x0000003F0000003F0000003F0000003F00000000000000000000000000000000;0x0F022001}{0x3AB67D49C85FF853000000000000000000000000000000000000000000000000;0x0F040001},{0x0004000000000000000000000000000000000000000000000000000000000000;0x05010001}{0x00000000000000000000000000000000A9323031314E61677261766973696F6E;0x05020001}{0x0000000000000000000000000000000000000000000000000000000000000000;0x05040001}{0x0000000000000000000000000000000000000000000000000000000000000000;0x06010001}
0x0000000000000040,0x1234567890ABCDEF,,,0x4E6F772069732074,{0x00040000000000E331AF00000000000000000000000000000000000000000409;0x0F010001}{0x0000004000000040000000400000004000000000000000000000000000000000;0x0F022001}{0x1D210AA6C011FEB3000000000000000000000000000000000000000000000000;0x0F040001},{0x0004000000000000000000000000000000000000000000000000000000000000;0x05010001}{0x00000000000000000000000000000000A9323031314E61677261766973696F6E;0x05020001}{0x0000000000000000000000000000000000000000000000000000000000000000;0x05040001}{0x0000000000000000000000000000000000000000000000000000000000000000;0x06010001}
0x0000000000000041,0x1234567890ABCDEF,,,0x4E6F772069732074,{0x00040000000000E331AF00000000000000000000000000000000000000000409;0x0F010001}{0x0000004100000041000000410000004100000000000000000000000000000000;0x0F022001}{0x94DF0765BD4CAF32000000000000000000000000000000000000000000000000;0x0F040001},{0x0004000000000000000000000000000000000000000000000000000000000000;0x05010001}{0x00000000000000000000000000000000A9323031314E61677261766973696F6E;0x05020001}{0x0000000000000000000000000000000000000000000000000000000000000000;0x05040001}{0x0000000000000000000000000000000000000000000000000000000000000000;0x06010001}
0x0000000000000042,0x1234567890ABCDEF,,,0x4E6F772069732074,{0x00040000000000E331AF00000000000000000000000000000000000000000409;0x0F010001}{0x0000004200000042000000420000004200000000000000000000000000000000;0x0F022001}{0x93C569DECC2A26E0000000000000000000000000000000000000000000000000;0x0F040001},{0x0004000000000000000000000000000000000000000000000000000000000000;0x05010001}{0x00000000000000000000000000000000A9323031314E61677261766973696F6E;0x05020001}{0x0000000000000000000000000000000000000000000000000000000000000000;0x05040001}{0x0000000000000000000000000000000000000000000000000000000000000000;0x06010001}
0x0000000000000043,0x1234567890ABCDEF,,,0x4E6F772069732074,{0x00040000000000E331AF00000000000000000000000000000000000000000409;0x0F010001}{0x0000004300000043000000430000004300000000000000000000000000000000;0x0F022001}{0xA22079A63D2D1BD5000000000000000000000000000000000000000000000000;0x0F040001},{0x0004000000000000000000000000000000000000000000000000000000000000;0x05010001}{0x00000000000000000000000000000000A9323031314E61677261766973696F6E;0x05020001}{0x0000000000000000000000000000000000000000000000000000000000000000;0x05040001}{0x0000000000000000000000000000000000000000000000000000000000000000;0x06010001}
0x0000000000000044,0x1234567890ABCDEF,,,0x4E6F772069732074,{0x00040000000000E331AF00000000000000000000000000000000000000000409;0x0F010001}{0x0000004400000044000000440000004400000000000000000000000000000000;0x0F022001}{0x1340E84DA46282B9000000000000000000000000000000000000000000000000;0x0F040001},{0x0004000000000000000000000000000000000000000000000000000000000000;0x05010001}{0x00000000000000000000000000000000A9323031314E61677261766973696F6E;0x05020001}{0x0000000000000000000000000000000000000000000000000000000000000000;0x05040001}{0x0000000000000000000000000000000000000000000000000000000000000000;0x06010001}
0x0000000000000045,0x1234567890ABCDEF,,,0x4E6F772069732074,{0x00040000000000E331AF00000000000000000000000000000000000000000409;0x0F010001}{0x0000004500000045000000450000004500000000000000000000000000000000;0x0F022001}{0xA666BA2A6FB01708000000000000000000000000000000000000000000000000;0x0F040001},{0x0004000000000000000000000000000000000000000000000000000000000000;0x05010001}{0x00000000000000000000000000000000A9323031314E61677261766973696F6E;0x05020001}{0x0000000000000000000000000000000000000000000000000000000000000000;0x05040001}{0x0000000000000000000000000000000000000000000000000000000000000000;0x06010001}
0x0000000000000046,0x1234567890ABCDEF,,,0x4E6F772069732074,{0x00040000000000E331AF00000000000000000000000000000000000000000409;0x0F010001}{0x0000004600000046000000460000004600000000000000000000000000000000;0x0F022001}{0xC27E21EE4B9E9063000000000000000000000000000000000000000000000000;0x0F040001},{0x0004000000000000000000000000000000000000000000000000000000000000;0x05010001}{0x00000000000000000000000000000000A9323031314E61677261766973696F6E;0x05020001}{0x0000000000000000000000000000000000000000000000000000000000000000;0x05040001}{0x0000000000000000000000000000000000000000000000000000000000000000;0x06010001}
0x0000000000000047,0x1234567890ABCDEF,,,0x4E6F772069732074,{0x00040000000000E331AF00000000000000000000000000000000000000000409;0x0F010001}{0x0000004700000047000000470000004700000000000000000000000000000000;0x0F022001}{0x9535956850830975000000000000000000000000000000000000000000000000;0x0F040001},{0x0004000000000000000000000000000000000000000000000000000000000000;0x05010001}{0x00000000000000000000000000000000A9323031314E61677261766973696F6E;0x05020001}{0x0000000000000000000000000000000000000000000000000000000000000000;0x05040001}{0x0000000000000000000000000000000000000000000000000000000000000000;0x06010001}
0x0000000000000048,0x1234567890ABCDEF,,,0x4E6F772069732074,{0x00040000000000E331AF00000000000000000000000000000000000000000409;0x0F010001}{0x0000004800000048000000480000004800000000000000000000000000000000;0x0F022001}{0xD739033B28934F49000000000000000000000000000000000000000000000000;0x0F040001},{0x0004000000000000000000000000000000000000000000000000000000000000;0x05010001}{0x00000000000000000000000000000000A9323031314E61677261766973696F6E;0x05020001}{0x0000000000000000000000000000000000000000000000000000000000000000;0x05040001}{0x0000000000000000000000000000000000000000000000000000000000000000;0x06010001}
0x0000000000000049,0x1234567890ABCDEF,,,0x4E6F772069732074,{0x00040000000000E331AF00000000000000000000000000000000000000000409;0x0F010001}{0x0000004900000049000000490000004900000000000000000000000000000000;0x0F022001}{0x0A04968F35184A6E000000000000000000000000000000000000000000000000;0x0F040001},{0x0004000000000000000000000000000000000000000000000000000000000000;0x05010001}{0x00000000000000000000000000000000A9323031314E61677261766973696F6E;0x05020001}{0x0000000000000000000000000000000000000000000000000000000000000000;0x05040001}{0x0000000000000000000000000000000000000000000000000000000000000000;0x06010001}
0x000000000000004a,0x1234567890ABCDEF,,,0x4E6F772069732074,{0x00040000000000E331AF00000000000000000000000000000000000000000409;0x0F010001}{0x0000004A0000004A0000004A0000004A00000000000000000000000000000000;0x0F022001}{0x2C8458F563F0CB21000000000000000000000000000000000000000000000000;0x0F040001},{0x0004000000000000000000000000000000000000000000000000000000000000;0x05010001}{0x00000000000000000000000000000000A9323031314E61677261766973696F6E;0x05020001}{0x0000000000000000000000000000000000000000000000000000000000000000;0x05040001}{0x0000000000000000000000000000000000000000000000000000000000000000;0x06010001}
0x000000000000004b,0x1234567890ABCDEF,,,0x4E6F772069732074,{0x00040000000000E331AF00000000000000000000000000000000000000000409;0x0F010001}{0x0000004B0000004B0000004B0000004B00000000000000000000000000000000;0x0F022001}{0xF4B3D543CED8CDD9000000000000000000000000000000000000000000000000;0x0F040001},{0x0004000000000000000000000000000000000000000000000000000000000000;0x05010001}{0x00000000000000000000000000000000A9323031314E61677261766973696F6E;0x05020001}{0x0000000000000000000000000000000000000000000000000000000000000000;0x05040001}{0x0000000000000000000000000000000000000000000000000000000000000000;0x06010001}
0x000000000000004c,0x1234567890ABCDEF,,,0x4E6F772069732074,{0x00040000000000E331AF00000000000000000000000000000000000000000409;0x0F010001}{0x0000004C0000004C0000004C0000004C00000000000000000000000000000000;0x0F022001}{0x1E47E92A244F423E000000000000000000000000000000000000000000000000;0x0F040001},{0x0004000000000000000000000000000000000000000000000000000000000000;0x05010001}{0x00000000000000000000000000000000A9323031314E61677261766973696F6E;0x05020001}{0x0000000000000000000000000000000000000000000000000000000000000000;0x05040001}{0x0000000000000000000000000000000000000000000000000000000000000000;0x06010001}
0x000000000000004d,0x1234567890ABCDEF,,,0x4E6F772069732074,{0x00040000000000E331AF00000000000000000000000000000000000000000409;0x0F010001}{0x0000004D0000004D0000004D0000004D00000000000000000000000000000000;0x0F022001}{0x6B880DDC2B709064000000000000000000000000000000000000000000000000;0x0F040001},{0x0004000000000000000000000000000000000000000000000000000000000000;0x05010001}{0x00000000000000000000000000000000A9323031314E61677261766973696F6E;0x05020001}{0x0000000000000000000000000000000000000000000000000000000000000000;0x05040001}{0x0000000000000000000000000000000000000000000000000000000000000000;0x06010001}
0x000000000000004e,0x1234567890ABCDEF,,,0x4E6F772069732074,{0x00040000000000E331AF00000000000000000000000000000000000000000409;0x0F010001}{0x0000004E0000004E0000004E0000004E00000000000000000000000000000000;0x0F022001}{0x5E3149FB15B193D4000000000000000000000000000000000000000000000000;0x0F040001},{0x0004000000000000000000000000000000000000000000000000000000000000;0x05010001}{0x00000000000000000000000000000000A9323031314E61677261766973696F6E;0x05020001}{0x0000000000000000000000000000000000000000000000000000000000000000;0x05040001}{0x0000000000000000000000000000000000000000000000000000000000000000;0x06010001}
0x000000000000004f,0x1234567890ABCDEF,,,0x4E6F772069732074,{0x00040000000000E331AF00000000000000000000000000000000000000000409;0x0F010001}{0x0000004F0000004F0000004F0000004F00000000000000000000000000000000;0x0F022001}{0x64854A28651497AA000000000000000000000000000000000000000000000000;0x0F040001},{0x0004000000000000000000000000000000000000000000000000000000000000;0x05010001}{0x00000000000000000000000000000000A9323031314E61677261766973696F6E;0x05020001}{0x0000000000000000000000000000000000000000000000000000000000000000;0x05040001}{0x0000000000000000000000000000000000000000000000000000000000000000;0x06010001}
0x0000000000000050,0x1234567890ABCDEF,,,0x4E6F772069732074,{0x00040000000000E331AF00000000000000000000000000000000000000000409;0x0F010001}{0x0000005000000050000000500000005000000000000000000000000000000000;0x0F022001}{0x07180D9678723CCD000000000000000000000000000000000000000000000000;0x0F040001},{0x0004000000000000000000000000000000000000000000000000000000000000;0x05010001}{0x00000000000000000000000000000000A9323031314E61677261766973696F6E;0x05020001}{0x0000000000000000000000000000000000000000000000000000000000000000;0x05040001}{0x0000000000000000000000000000000000000000000000000000000000000000;0x06010001}
0x0000000000000051,0x1234567890ABCDEF,,,0x4E6F772069732074,{0x00040000000000E331AF00000000000000000000000000000000000000000409;0x0F010001}{0x0000005100000051000000510000005100000000000000000000000000000000;0x0F022001}{0x3F21717F17288999000000000000000000000000000000000000000000000000;0x0F040001},{0x0004000000000000000000000000000000000000000000000000000000000000;0x05010001}{0x00000000000000000000000000000000A9323031314E61677261766973696F6E;0x05020001}{0x0000000000000000000000000000000000000000000000000000000000000000;0x05040001}{0x0000000000000000000000000000000000000000000000000000000000000000;0x06010001}
0x0000000000000052,0x1234567890ABCDEF,,,0x4E6F772069732074,{0x00040000000000E331AF00000000000000000000000000000000000000000409;0x0F010001}{0x0000005200000052000000520000005200000000000000000000000000000000;0x0F022001}{0x176C4FCBBE24264B000000000000000000000000000000000000000000000000;0x0F040001},{0x0004000000000000000000000000000000000000000000000000000000000000;0x05010001}{0x00000000000000000000000000000000A9323031314E61677261766973696F6E;0x05020001}{0x0000000000000000000000000000000000000000000000000000000000000000;0x05040001}{0x0000000000000000000000000000000000000000000000000000000000000000;0x06010001}
0x0000000000000053,0x1234567890ABCDEF,,,0x4E6F772069732074,{0x00040000000000E331AF00000000000000000000000000000000000000000409;0x0F010001}{0x0000005300000053000000530000005300000000000000000000000000000000;0x0F022001}{0x58C4C23486E5573B000000000000000000000000000000000000000000000000;0x0F040001},{0x0004000000000000000000000000000000000000000000000000000000000000;0x05010001}{0x00000000000000000000000000000000A9323031314E61677261766973696F6E;0x05020001}{0x0000000000000000000000000000000000000000000000000000000000000000;0x05040001}{0x0000000000000000000000000000000000000000000000000000000000000000;0x06010001}
0x0000000000000054,0x1234567890ABCDEF,,,0x4E6F772069732074,{0x00040000000000E331AF00000000000000000000000000000000000000000409;0x0F010001}{0x0000005400000054000000540000005400000000000000000000000000000000;0x0F022001}{0x0B598DEF7621D470000000000000000000000000000000000000000000000000;0x0F040001},{0x0004000000000000000000000000000000000000000000000000000000000000;0x05010001}{0x00000000000000000000000000000000A9323031314E61677261766973696F6E;0x05020001}{0x0000000000000000000000000000000000000000000000000000000000000000;0x05040001}{0x0000000000000000000000000000000000000000000000000000000000000000;0x06010001}
0x0000000000000055,0x1234567890ABCDEF,,,0x4E6F772069732074,{0x00040000000000E331AF00000000000000000000000000000000000000000409;0x0F010001}{0x0000005500000055000000550000005500000000000000000000000000000000;0x0F022001}{0x51226BDCCA65AA83000000000000000000000000000000000000000000000000;0x0F040001},{0x0004000000000000000000000000000000000000000000000000000000000000;0x05010001}{0x00000000000000000000000000000000A9323031314E61677261766973696F6E;0x05020001}{0x0000000000000000000000000000000000000000000000000000000000000000;0x05040001}{0x0000000000000000000000000000000000000000000000000000000000000000;0x06010001}
0x0000000000000056,0x1234567890ABCDEF,,,0x4E6F772069732074,{0x00040000000000E331AF00000000000000000000000000000000000000000409;0x0F010001}{0x0000005600000056000000560000005600000000000000000000000000000000;0x0F022001}{0xD777E872E6D7AD36000000000000000000000000000000000000000000000000;0x0F040001},{0x0004000000000000000000000000000000000000000000000000000000000000;0x05010001}{0x00000000000000000000000000000000A9323031314E61677261766973696F6E;0x05020001}{0x0000000000000000000000000000000000000000000000000000000000000000;0x05040001}{0x0000000000000000000000000000000000000000000000000000000000000000;0x06010001}
0x0000000000000057,0x1234567890ABCDEF,,,0x4E6F772069732074,{0x00040000000000E331AF00000000000000000000000000000000000000000409;0x0F010001}{0x0000005700000057000000570000005700000000000000000000000000000000;0x0F022001}{0xC4ABFCBE67004447000000000000000000000000000000000000000000000000;0x0F040001},{0x0004000000000000000000000000000000000000000000000000000000000000;0x05010001}{0x00000000000000000000000000000000A9323031314E61677261766973696F6E;0x05020001}{0x0000000000000000000000000000000000000000000000000000000000000000;0x05040001}{0x0000000000000000000000000000000000000000000000000000000000000000;0x06010001}
0x0000000000000058,0x1234567890ABCDEF,,,0x4E6F772069732074,{0x00040000000000E331AF00000000000000000000000000000000000000000409;0x0F010001}{0x0000005800000058000000580000005800000000000000000000000000000000;0x0F022001}{0x7903E25627E6442C000000000000000000000000000000000000000000000000;0x0F040001},{0x0004000000000000000000000000000000000000000000000000000000000000;0x05010001}{0x00000000000000000000000000000000A9323031314E61677261766973696F6E;0x05020001}{0x0000000000000000000000000000000000000000000000000000000000000000;0x05040001}{0x0000000000000000000000000000000000000000000000000000000000000000;0x06010001}
0x0000000000000059,0x1234567890ABCDEF,,,0x4E6F772069732074,{0x00040000000000E331AF00000000000000000000000000000000000000000409;0x0F010001}{0x0000005900000059000000590000005900000000000000000000000000000000;0x0F022001}{0xC68D8619DCBE17B8000000000000000000000000000000000000000000000000;0x0F040001},{0x0004000000000000000000000000000000000000000000000000000000000000;0x05010001}{0x00000000000000000000000000000000A9323031314E61677261766973696F6E;0x05020001}{0x0000000000000000000000000000000000000000000000000000000000000000;0x05040001}{0x0000000000000000000000000000000000000000000000000000000000000000;0x06010001}
0x000000000000005a,0x1234567890ABCDEF,,,0x4E6F772069732074,{0x00040000000000E331AF00000000000000000000000000000000000000000409;0x0F010001}{0x0000005A0000005A0000005A0000005A00000000000000000000000000000000;0x0F022001}{0xF47200C470883DD9000000000000000000000000000000000000000000000000;0x0F040001},{0x0004000000000000000000000000000000000000000000000000000000000000;0x05010001}{0x00000000000000000000000000000000A9323031314E61677261766973696F6E;0x05020001}{0x0000000000000000000000000000000000000000000000000000000000000000;0x05040001}{0x0000000000000000000000000000000000000000000000000000000000000000;0x06010001}
0x000000000000005b,0x1234567890ABCDEF,,,0x4E6F772069732074,{0x00040000000000E331AF00000000000000000000000000000000000000000409;0x0F010001}{0x0000005B0000005B0000005B0000005B00000000000000000000000000000000;0x0F022001}{0xE88A7F491F2DD693000000000000000000000000000000000000000000000000;0x0F040001},{0x0004000000000000000000000000000000000000000000000000000000000000;0x05010001}{0x00000000000000000000000000000000A9323031314E61677261766973696F6E;0x05020001}{0x0000000000000000000000000000000000000000000000000000000000000000;0x05040001}{0x0000000000000000000000000000000000000000000000000000000000000000;0x06010001}
0x000000000000005c,0x1234567890ABCDEF,,,0x4E6F772069732074,{0x00040000000000E331AF00000000000000000000000000000000000000000409;0x0F010001}{0x0000005C0000005C0000005C0000005C00000000000000000000000000000000;0x0F022001}{0x9515A376E63C4344000000000000000000000000000000000000000000000000;0x0F040001},{0x0004000000000000000000000000000000000000000000000000000000000000;0x05010001}{0x00000000000000000000000000000000A9323031314E61677261766973696F6E;0x05020001}{0x0000000000000000000000000000000000000000000000000000000000000000;0x05040001}{0x0000000000000000000000000000000000000000000000000000000000000000;0x06010001}
0x000000000000005d,0x1234567890ABCDEF,,,0x4E6F772069732074,{0x00040000000000E331AF00000000000000000000000000000000000000000409;0x0F010001}{0x0000005D0000005D0000005D0000005D00000000000000000000000000000000;0x0F022001}{0x3E5E960FFCE5D4D5000000000000000000000000000000000000000000000000;0x0F040001},{0x0004000000000000000000000000000000000000000000000000000000000000;0x05010001}{0x00000000000000000000000000000000A9323031314E61677261766973696F6E;0x05020001}{0x0000000000000000000000000000000000000000000000000000000000000000;0x05040001}{0x0000000000000000000000000000000000000000000000000000000000000000;0x06010001}
0x000000000000005e,0x1234567890ABCDEF,,,0x4E6F772069732074,{0x00040000000000E331AF00000000000000000000000000000000000000000409;0x0F010001}{0x0000005E0000005E0000005E0000005E00000000000000000000000000000000;0x0F022001}{0x371A1F48D4D6D67A000000000000000000000000000000000000000000000000;0x0F040001},{0x0004000000000000000000000000000000000000000000000000000000000000;0x05010001}{0x00000000000000000000000000000000A9323031314E61677261766973696F6E;0x05020001}{0x0000000000000000000000000000000000000000000000000000000000000000;0x05040001}{0x0000000000000000000000000000000000000000000000000000000000000000;0x06010001}
0x000000000000005f,0x1234567890ABCDEF,,,0x4E6F772069732074,{0x00040000000000E331AF00000000000000000000000000000000000000000409;0x0F010001}{0x0000005F0000005F0000005F0000005F00000000000000000000000000000000;0x0F022001}{0x8972590F34DA0DBC000000000000000000000000000000000000000000000000;0x0F040001},{0x0004000000000000000000000000000000000000000000000000000000000000;0x05010001}{0x00000000000000000000000000000000A9323031314E61677261766973696F6E;0x05020001}{0x0000000000000000000000000000000000000000000000000000000000000000;0x05040001}{0x0000000000000000000000000000000000000000000000000000000000000000;0x06010001}
0x0000000000000060,0x1234567890ABCDEF,,,0x4E6F772069732074,{0x00040000000000E331AF00000000000000000000000000000000000000000409;0x0F010001}{0x0000006000000060000000600000006000000000000000000000000000000000;0x0F022001}{0x2A45238EC67C6D31000000000000000000000000000000000000000000000000;0x0F040001},{0x0004000000000000000000000000000000000000000000000000000000000000;0x05010001}{0x00000000000000000000000000000000A9323031314E61677261766973696F6E;0x05020001}{0x0000000000000000000000000000000000000000000000000000000000000000;0x05040001}{0x0000000000000000000000000000000000000000000000000000000000000000;0x06010001}
0x0000000000000061,0x1234567890ABCDEF,,,0x4E6F772069732074,{0x00040000000000E331AF00000000000000000000000000000000000000000409;0x0F010001}{0x0000006100000061000000610000006100000000000000000000000000000000;0x0F022001}{0x63DF8E8DE5AED244000000000000000000000000000000000000000000000000;0x0F040001},{0x0004000000000000000000000000000000000000000000000000000000000000;0x05010001}{0x00000000000000000000000000000000A9323031314E61677261766973696F6E;0x05020001}{0x0000000000000000000000000000000000000000000000000000000000000000;0x05040001}{0x0000000000000000000000000000000000000000000000000000000000000000;0x06010001}
0x0000000000000062,0x1234567890ABCDEF,,,0x4E6F772069732074,{0x00040000000000E331AF00000000000000000000000000000000000000000409;0x0F010001}{0x0000006200000062000000620000006200000000000000000000000000000000;0x0F022001}{0x2B5AC080C3AA3A0B000000000000000000000000000000000000000000000000;0x0F040001},{0x0004000000000000000000000000000000000000000000000000000000000000;0x05010001}{0x00000000000000000000000000000000A9323031314E61677261766973696F6E;0x05020001}{0x0000000000000000000000000000000000000000000000000000000000000000;0x05040001}{0x0000000000000000000000000000000000000000000000000000000000000000;0x06010001}
0x0000000000000063,0x1234567890ABCDEF,,,0x4E6F772069732074,{0x00040000000000E331AF00000000000000000000000000000000000000000409;0x0F010001}{0x0000006300000063000000630000006300000000000000000000000000000000;0x0F022001}{0x8AC1034B4C2529C3000000000000000000000000000000000000000000000000;0x0F040001},{0x0004000000000000000000000000000000000000000000000000000000000000;0x05010001}{0x00000000000000000000000000000000A9323031314E61677261766973696F6E;0x05020001}{0x0000000000000000000000000000000000000000000000000000000000000000;0x05040001}{0x0000000000000000000000000000000000000000000000000000000000000000;0x06010001}
0x0000000000000064,0x1234567890ABCDEF,,,0x4E6F772069732074,{0x00040000000000E331AF00000000000000000000000000000000000000000409;0x0F010001}{0x0000006400000064000000640000006400000000000000000000000000000000;0x0F022001}{0x406BEF238EC0A7C4000000000000000000000000000000000000000000000000;0x0F040001},{0x0004000000000000000000000000000000000000000000000000000000000000;0x05010001}{0x00000000000000000000000000000000A9323031314E61677261766973696F6E;0x05020001}{0x0000000000000000000000000000000000000000000000000000000000000000;0x05040001}{0x0000000000000000000000000000000000000000000000000000000000000000;0x06010001}
0x0000000000000065,0x1234567890ABCDEF,,,0x4E6F772069732074,{0x00040000000000E331AF00000000000000000000000000000000000000000409;0x0F010001}{0x0000006500000065000000650000006500000000000000000000000000000000;0x0F022001}{0x67EC1A7524C7082D000000000000000000000000000000000000000000000000;0x0F040001},{0x0004000000000000000000000000000000000000000000000000000000000000;0x05010001}{0x00000000000000000000000000000000A9323031314E61677261766973696F6E;0x05020001}{0x0000000000000000000000000000000000000000000000000000000000000000;0x05040001}{0x0000000000000000000000000000000000000000000000000000000000000000;0x06010001}
0x0000000000000066,0x1234567890ABCDEF,,,0x4E6F772069732074,{0x00040000000000E331AF00000000000000000000000000000000000000000409;0x0F010001}{0x0000006600000066000000660000006600000000000000000000000000000000;0x0F022001}{0x50F00E1C641D9A95000000000000000000000000000000000000000000000000;0x0F040001},{0x0004000000000000000000000000000000000000000000000000000000000000;0x05010001}{0x00000000000000000000000000000000A9323031314E61677261766973696F6E;0x05020001}{0x0000000000000000000000000000000000000000000000000000000000000000;0x05040001}{0x0000000000000000000000000000000000000000000000000000000000000000;0x06010001}
0x0000000000000067,0x1234567890ABCDEF,,,0x4E6F772069732074,{0x00040000000000E331AF00000000000000000000000000000000000000000409;0x0F010001}{0x0000006700000067000000670000006700000000000000000000000000000000;0x0F022001}{0xD689CDC43A232603000000000000000000000000000000000000000000000000;0x0F040001},{0x0004000000000000000000000000000000000000000000000000000000000000;0x05010001}{0x00000000000000000000000000000000A9323031314E61677261766973696F6E;0x05020001}{0x0000000000000000000000000000000000000000000000000000000000000000;0x05040001}{0x0000000000000000000000000000000000000000000000000000000000000000;0x06010001}
0x0000000000000068,0x1234567890ABCDEF,,,0x4E6F772069732074,{0x00040000000000E331AF00000000000000000000000000000000000000000409;0x0F010001}{0x0000006800000068000000680000006800000000000000000000000000000000;0x0F022001}{0xC6102483B3A1598A000000000000000000000000000000000000000000000000;0x0F040001},{0x0004000000000000000000000000000000000000000000000000000000000000;0x05010001}{0x00000000000000000000000000000000A9323031314E61677261766973696F6E;0x05020001}{0x0000000000000000000000000000000000000000000000000000000000000000;0x05040001}{0x0000000000000000000000000000000000000000000000000000000000000000;0x06010001}
0x0000000000000069,0x1234567890ABCDEF,,,0x4E6F772069732074,{0x00040000000000E331AF00000000000000000000000000000000000000000409;0x0F010001}{0x0000006900000069000000690000006900000000000000000000000000000000;0x0F022001}{0x04DBE7CBC7BB9676000000000000000000000000000000000000000000000000;0x0F040001},{0x0004000000000000000000000000000000000000000000000000000000000000;0x05010001}{0x00000000000000000000000000000000A9323031314E61677261766973696F6E;0x05020001}{0x0000000000000000000000000000000000000000000000000000000000000000;0x05040001}{0x0000000000000000000000000000000000000000000000000000000000000000;0x06010001}
0x000000000000006a,0x1234567890ABCDEF,,,0x4E6F772069732074,{0x00040000000000E331AF00000000000000000000000000000000000000000409;0x0F010001}{0x0000006A0000006A0000006A0000006A00000000000000000000000000000000;0x0F022001}{0x04FC652101A35F16000000000000000000000000000000000000000000000000;0x0F040001},{0x0004000000000000000000000000000000000000000000000000000000000000;0x05010001}{0x00000000000000000000000000000000A9323031314E61677261766973696F6E;0x05020001}{0x0000000000000000000000000000000000000000000000000000000000000000;0x05040001}{0x0000000000000000000000000000000000000000000000000000000000000000;0x06010001}
0x000000000000006b,0x1234567890ABCDEF,,,0x4E6F772069732074,{0x00040000000000E331AF00000000000000000000000000000000000000000409;0x0F010001}{0x0000006B0000006B0000006B0000006B00000000000000000000000000000000;0x0F022001}{0x99F1901E81B9F1E5000000000000000000000000000000000000000000000000;0x0F040001},{0x0004000000000000000000000000000000000000000000000000000000000000;0x05010001}{0x00000000000000000000000000000000A9323031314E61677261766973696F6E;0x05020001}{0x0000000000000000000000000000000000000000000000000000000000000000;0x05040001}{0x0000000000000000000000000000000000000000000000000000000000000000;0x06010001}
0x000000000000006c,0x1234567890ABCDEF,,,0x4E6F772069732074,{0x00040000000000E331AF00000000000000000000000000000000000000000409;0x0F010001}{0x0000006C0000006C0000006C0000006C00000000000000000000000000000000;0x0F022001}{0xD9E1E671DF56C61C000000000000000000000000000000000000000000000000;0x0F040001},{0x0004000000000000000000000000000000000000000000000000000000000000;0x05010001}{0x00000000000000000000000000000000A9323031314E61677261766973696F6E;0x05020001}{0x0000000000000000000000000000000000000000000000000000000000000000;0x05040001}{0x0000000000000000000000000000000000000000000000000000000000000000;0x06010001}
0x000000000000006d,0x1234567890ABCDEF,,,0x4E6F772069732074,{0x00040000000000E331AF00000000000000000000000000000000000000000409;0x0F010001}{0x0000006D0000006D0000006D0000006D00000000000000000000000000000000;0x0F022001}{0x74BA082E257FC417000000000000000000000000000000000000000000000000;0x0F040001},{0x0004000000000000000000000000000000000000000000000000000000000000;0x05010001}{0x00000000000000000000000000000000A9323031314E61677261766973696F6E;0x05020001}{0x0000000000000000000000000000000000000000000000000000000000000000;0x05040001}{0x0000000000000000000000000000000000000000000000000000000000000000;0x06010001}
0x000000000000006e,0x1234567890ABCDEF,,,0x4E6F772069732074,{0x00040000000000E331AF00000000000000000000000000000000000000000409;0x0F010001}{0x0000006E0000006E0000006E0000006E00000000000000000000000000000000;0x0F022001}{0xDA68ADF3A8D8E0E2000000000000000000000000000000000000000000000000;0x0F040001},{0x0004000000000000000000000000000000000000000000000000000000000000;0x05010001}{0x00000000000000000000000000000000A9323031314E61677261766973696F6E;0x05020001}{0x0000000000000000000000000000000000000000000000000000000000000000;0x05040001}{0x0000000000000000000000000000000000000000000000000000000000000000;0x06010001}
0x000000000000006f,0x1234567890ABCDEF,,,0x4E6F772069732074,{0x00040000000000E331AF00000000000000000000000000000000000000000409;0x0F010001}{0x0000006F0000006F0000006F0000006F00000000000000000000000000000000;0x0F022001}{0x5507749AFE146EAD000000000000000000000000000000000000000000000000;0x0F040001},{0x0004000000000000000000000000000000000000000000000000000000000000;0x05010001}{0x00000000000000000000000000000000A9323031314E61677261766973696F6E;0x05020001}{0x0000000000000000000000000000000000000000000000000000000000000000;0x05040001}{0x0000000000000000000000000000000000000000000000000000000000000000;0x06010001}
0x0000000000000070,0x1234567890ABCDEF,,,0x4E6F772069732074,{0x00040000000000E331AF00000000000000000000000000000000000000000409;0x0F010001}{0x0000007000000070000000700000007000000000000000000000000000000000;0x0F022001}{0xB6FBCBE600EE0EDE000000000000000000000000000000000000000000000000;0x0F040001},{0x0004000000000000000000000000000000000000000000000000000000000000;0x05010001}{0x00000000000000000000000000000000A9323031314E61677261766973696F6E;0x05020001}{0x0000000000000000000000000000000000000000000000000000000000000000;0x05040001}{0x0000000000000000000000000000000000000000000000000000000000000000;0x06010001}
0x0000000000000071,0x1234567890ABCDEF,,,0x4E6F772069732074,{0x00040000000000E331AF00000000000000000000000000000000000000000409;0x0F010001}{0x0000007100000071000000710000007100000000000000000000000000000000;0x0F022001}{0xC00C6A8AE236F372000000000000000000000000000000000000000000000000;0x0F040001},{0x0004000000000000000000000000000000000000000000000000000000000000;0x05010001}{0x00000000000000000000000000000000A9323031314E61677261766973696F6E;0x05020001}{0x0000000000000000000000000000000000000000000000000000000000000000;0x05040001}{0x0000000000000000000000000000000000000000000000000000000000000000;0x06010001}
0x0000000000000072,0x1234567890ABCDEF,,,0x4E6F772069732074,{0x00040000000000E331AF00000000000000000000000000000000000000000409;0x0F010001}{0x0000007200000072000000720000007200000000000000000000000000000000;0x0F022001}{0x8021CFB05243A3C5000000000000000000000000000000000000000000000000;0x0F040001},{0x0004000000000000000000000000000000000000000000000000000000000000;0x05010001}{0x00000000000000000000000000000000A9323031314E61677261766973696F6E;0x05020001}{0x0000000000000000000000000000000000000000000000000000000000000000;0x05040001}{0x0000000000000000000000000000000000000000000000000000000000000000;0x06010001}
0x0000000000000073,0x1234567890ABCDEF,,,0x4E6F772069732074,{0x00040000000000E331AF00000000000000000000000000000000000000000409;0x0F010001}{0x0000007300000073000000730000007300000000000000000000000000000000;0x0F022001}{0xC076DDC961243348000000000000000000000000000000000000000000000000;0x0F040001},{0x0004000000000000000000000000000000000000000000000000000000000000;0x05010001}{0x00000000000000000000000000000000A9323031314E61677261766973696F6E;0x05020001}{0x0000000000000000000000000000000000000000000000000000000000000000;0x05040001}{0x0000000000000000000000000000000000000000000000000000000000000000;0x06010001}
0x0000000000000074,0x1234567890ABCDEF,,,0x4E6F772069732074,{0x00040000000000E331AF00000000000000000000000000000000000000000409;0x0F010001}{0x0000007400000074000000740000007400000000000000000000000000000000;0x0F022001}{0x2258D93EC058735F000000000000000000000000000000000000000000000000;0x0F040001},{0x0004000000000000000000000000000000000000000000000000000000000000;0x05010001}{0x00000000000000000000000000000000A9323031314E61677261766973696F6E;0x05020001}{0x0000000000000000000000000000000000000000000000000000000000000000;0x05040001}{0x0000000000000000000000000000000000000000000000000000000000000000;0x06010001}
0x0000000000000075,0x1234567890ABCDEF,,,0x4E6F772069732074,{0x00040000000000E331AF00000000000000000000000000000000000000000409;0x0F010001}{0x0000007500000075000000750000007500000000000000000000000000000000;0x0F022001}{0xE21BC70581EC0FBF000000000000000000000000000000000000000000000000;0x0F040001},{0x0004000000000000000000000000000000000000000000000000000000000000;0x05010001}{0x00000000000000000000000000000000A9323031314E61677261766973696F6E;0x05020001}{0x0000000000000000000000000000000000000000000000000000000000000000;0x05040001}{0x0000000000000000000000000000000000000000000000000000000000000000;0x06010001}
0x0000000000000076,0x1234567890ABCDEF,,,0x4E6F772069732074,{0x00040000000000E331AF00000000000000000000000000000000000000000409;0x0F010001}{0x0000007600000076000000760000007600000000000000000000000000000000;0x0F022001}{0x5D8DBC746C93F3EB000000000000000000000000000000000000000000000000;0x0F040001},{0x0004000000000000000000000000000000000000000000000000000000000000;0x05010001}{0x00000000000000000000000000000000A9323031314E61677261766973696F6E;0x05020001}{0x0000000000000000000000000000000000000000000000000000000000000000;0x05040001}{0x0000000000000000000000000000000000000000000000000000000000000000;0x06010001}
0x0000000000000077,0x1234567890ABCDEF,,,0x4E6F772069732074,{0x00040000000000E331AF00000000000000000000000000000000000000000409;0x0F010001}{0x0000007700000077000000770000007700000000000000000000000000000000;0x0F022001}{0x10349FF87F8EA8F8000000000000000000000000000000000000000000000000;0x0F040001},{0x0004000000000000000000000000000000000000000000000000000000000000;0x05010001}{0x00000000000000000000000000000000A9323031314E61677261766973696F6E;0x05020001}{0x0000000000000000000000000000000000000000000000000000000000000000;0x05040001}{0x0000000000000000000000000000000000000000000000000000000000000000;0x06010001}
0x0000000000000078,0x1234567890ABCDEF,,,0x4E6F772069732074,{0x00040000000000E331AF00000000000000000000000000000000000000000409;0x0F010001}{0x0000007800000078000000780000007800000000000000000000000000000000;0x0F022001}{0xBB3FE84B37AF42C2000000000000000000000000000000000000000000000000;0x0F040001},{0x0004000000000000000000000000000000000000000000000000000000000000;0x05010001}{0x00000000000000000000000000000000A9323031314E61677261766973696F6E;0x05020001}{0x0000000000000000000000000000000000000000000000000000000000000000;0x05040001}{0x0000000000000000000000000000000000000000000000000000000000000000;0x06010001}
0x0000000000000079,0x1234567890ABCDEF,,,0x4E6F772069732074,{0x00040000000000E331AF00000000000000000000000000000000000000000409;0x0F010001}{0x0000007900000079000000790000007900000000000000000000000000000000;0x0F022001}{0xECA7D1858F996682000000000000000000000000000000000000000000000000;0x0F040001},{0x0004000000000000000000000000000000000000000000000000000000000000;0x05010001}{0x00000000000000000000000000000000A9323031314E61677261766973696F6E;0x05020001}{0x0000000000000000000000000000000000000000000000000000000000000000;0x05040001}{0x0000000000000000000000000000000000000000000000000000000000000000;0x06010001}
0x000000000000007a,0x1234567890ABCDEF,,,0x4E6F772069732074,{0x00040000000000E331AF00000000000000000000000000000000000000000409;0x0F010001}{0x0000007A0000007A0000007A0000007A00000000000000000000000000000000;0x0F022001}{0x57C5AEAF5B0014FA000000000000000000000000000000000000000000000000;0x0F040001},{0x0004000000000000000000000000000000000000000000000000000000000000;0x05010001}{0x00000000000000000000000000000000A9323031314E61677261766973696F6E;0x05020001}{0x0000000000000000000000000000000000000000000000000000000000000000;0x05040001}{0x0000000000000000000000000000000000000000000000000000000000000000;0x06010001}
0x000000000000007b,0x1234567890ABCDEF,,,0x4E6F772069732074,{0x00040000000000E331AF00000000000000000000000000000000000000000409;0x0F010001}{0x0000007B0000007B0000007B0000007B00000000000000000000000000000000;0x0F022001}{0xA9AA9D43AEEE03C0000000000000000000000000000000000000000000000000;0x0F040001},{0x0004000000000000000000000000000000000000000000000000000000000000;0x05010001}{0x00000000000000000000000000000000A9323031314E61677261766973696F6E;0x05020001}{0x0000000000000000000000000000000000000000000000000000000000000000;0x05040001}{0x0000000000000000000000000000000000000000000000000000000000000000;0x06010001}
0x000000000000007c,0x1234567890ABCDEF,,,0x4E6F772069732074,{0x00040000000000E331AF00000000000000000000000000000000000000000409;0x0F010001}{0x0000007C0000007C0000007C0000007C00000000000000000000000000000000;0x0F022001}{0x643F6D853C45F4F2000000000000000000000000000000000000000000000000;0x0F040001},{0x0004000000000000000000000000000000000000000000000000000000000000;0x05010001}{0x00000000000000000000000000000000A9323031314E61677261766973696F6E;0x05020001}{0x0000000000000000000000000000000000000000000000000000000000000000;0x05040001}{0x0000000000000000000000000000000000000000000000000000000000000000;0x06010001}
0x000000000000007d,0x1234567890ABCDEF,,,0x4E6F772069732074,{0x00040000000000E331AF00000000000000000000000000000000000000000409;0x0F010001}{0x0000007D0000007D0000007D0000007D00000000000000000000000000000000;0x0F022001}{0x7A5372B60B1E9F6E000000000000000000000000000000000000000000000000;0x0F040001},{0x0004000000000000000000000000000000000000000000000000000000000000;0x05010001}{0x00000000000000000000000000000000A9323031314E61677261766973696F6E;0x05020001}{0x0000000000000000000000000000000000000000000000000000000000000000;0x05040001}{0x0000000000000000000000000000000000000000000000000000000000000000;0x06010001}
0x000000000000007e,0x1234567890ABCDEF,,,0x4E6F772069732074,{0x00040000000000E331AF00000000000000000000000000000000000000000409;0x0F010001}{0x0000007E0000007E0000007E0000007E00000000000000000000000000000000;0x0F022001}{0xD94C915D72DE5D99000000000000000000000000000000000000000000000000;0x0F040001},{0x0004000000000000000000000000000000000000000000000000000000000000;0x05010001}{0x00000000000000000000000000000000A9323031314E61677261766973696F6E;0x05020001}{0x0000000000000000000000000000000000000000000000000000000000000000;0x05040001}{0x0000000000000000000000000000000000000000000000000000000000000000;0x06010001}
0x000000000000007f,0x1234567890ABCDEF,,,0x4E6F772069732074,{0x00040000000000E331AF00000000000000000000000000000000000000000409;0x0F010001}{0x0000007F0000007F0000007F0000007F00000000000000000000000000000000;0x0F022001}{0x1F37DFCAED11C585000000000000000000000000000000000000000000000000;0x0F040001},{0x0004000000000000000000000000000000000000000000000000000000000000;0x05010001}{0x00000000000000000000000000000000A9323031314E61677261766973696F6E;0x05020001}{0x0000000000000000000000000000000000000000000000000000000000000000;0x05040001}{0x0000000000000000000000000000000000000000000000000000000000000000;0x06010001}
